random_state,initial_indices,selected_indices_per_step,actual_rewards_per_step,predicted_rewards_per_step
0,[54],"[0, 45, 42, 58, 55, 29, 28, 30, 27, 26, 20, 23, 19, 21, 22, 24, 18, 51, 35, 37, 33, 39, 38, 41, 40, 48, 53, 56, 36, 34, 46, 47, 32, 31, 52, 25, 17, 5, 49, 1, 57, 7, 8, 6, 2, 50, 4, 44, 43, 14, 59, 16, 10, 13, 9, 3, 11, 15, 12]","[45.0, 26.0, 20.0, 0.0, 0.0, 79.0, 86.0, 77.0, 84.0, 82.0, 89.0, 66.0, 88.0, 82.0, 72.0, 88.0, 34.0, 85.0, 94.0, 91.0, 73.0, 88.0, 88.0, 91.0, 87.0, 73.0, 68.0, 20.0, 85.0, 91.0, 28.0, 65.0, 60.0, 22.0, 44.0, 55.0, 36.0, 5.0, 44.0, 12.0, 4.0, 91.0, 98.0, 90.0, 8.0, 7.0, 0.0, 32.0, 5.0, 91.0, 0.0, 91.0, 81.0, 9.0, 90.0, 22.0, 80.0, 6.0, 40.0]","[58.0, 53.84, 48.74, 45.68, 40.05, 40.32, 57.05, 64.55, 75.39, 75.75, 69.63, 79.68, 76.7, 79.8, 82.03, 78.45, 73.5, 75.32, 57.21, 75.63, 85.29, 81.96, 84.11, 83.89, 88.37, 87.01, 82.5, 79.64, 78.94, 77.15, 73.04, 61.35, 60.73, 63.04, 57.99, 53.58, 51.7, 45.28, 45.31, 41.19, 33.97, 36.59, 57.98, 57.77, 50.82, 46.87, 38.21, 29.96, 30.35, 28.27, 31.62, 29.17, 37.05, 41.09, 45.49, 35.04, 33.52, 23.48, 17.5]"
1,[8],"[0, 7, 6, 42, 5, 2, 1, 11, 4, 9, 14, 16, 59, 50, 57, 10, 46, 13, 28, 27, 30, 26, 49, 38, 35, 37, 39, 41, 40, 33, 51, 23, 56, 29, 20, 22, 24, 19, 21, 18, 58, 53, 34, 36, 48, 25, 47, 45, 52, 17, 44, 31, 3, 43, 15, 54, 55, 32, 12]","[45.0, 91.0, 90.0, 20.0, 5.0, 8.0, 12.0, 80.0, 0.0, 90.0, 91.0, 91.0, 0.0, 7.0, 4.0, 81.0, 28.0, 9.0, 86.0, 84.0, 77.0, 82.0, 44.0, 88.0, 94.0, 91.0, 88.0, 91.0, 87.0, 73.0, 85.0, 66.0, 20.0, 79.0, 89.0, 72.0, 88.0, 88.0, 82.0, 34.0, 0.0, 68.0, 91.0, 85.0, 73.0, 55.0, 65.0, 26.0, 44.0, 36.0, 32.0, 22.0, 22.0, 5.0, 6.0, 58.0, 0.0, 60.0, 40.0]","[98.0, 81.57, 83.51, 85.82, 88.08, 67.53, 69.19, 59.32, 61.05, 62.54, 63.91, 67.84, 57.26, 49.76, 49.6, 43.84, 41.66, 42.56, 43.68, 66.15, 72.91, 74.72, 65.36, 59.86, 71.02, 70.18, 57.55, 74.81, 76.99, 79.36, 85.08, 78.88, 74.93, 73.6, 69.61, 75.28, 74.17, 80.99, 74.94, 72.22, 50.41, 48.79, 50.23, 63.93, 56.41, 60.12, 51.53, 50.05, 50.79, 45.58, 30.3, 31.0, 29.46, 27.22, 23.86, 22.86, 24.48, 18.26, 16.19]"
2,[55],"[0, 3, 31, 28, 30, 27, 26, 18, 23, 20, 19, 24, 51, 56, 21, 22, 29, 17, 35, 41, 40, 37, 38, 53, 33, 46, 39, 34, 48, 36, 47, 52, 25, 32, 49, 45, 13, 57, 2, 50, 5, 1, 58, 12, 44, 43, 16, 14, 6, 11, 10, 9, 4, 59, 7, 8, 42, 15, 54]","[45.0, 22.0, 22.0, 86.0, 77.0, 84.0, 82.0, 34.0, 66.0, 89.0, 88.0, 88.0, 85.0, 20.0, 82.0, 72.0, 79.0, 36.0, 94.0, 91.0, 87.0, 91.0, 88.0, 68.0, 73.0, 28.0, 88.0, 91.0, 73.0, 85.0, 65.0, 44.0, 55.0, 60.0, 44.0, 26.0, 9.0, 4.0, 8.0, 7.0, 5.0, 12.0, 0.0, 40.0, 32.0, 5.0, 91.0, 91.0, 90.0, 80.0, 81.0, 90.0, 0.0, 0.0, 91.0, 98.0, 20.0, 6.0, 58.0]","[0.0, 30.6, 32.71, 33.12, 63.46, 71.06, 71.89, 75.33, 64.22, 69.92, 75.87, 82.02, 68.45, 62.58, 77.28, 75.25, 67.69, 46.66, 40.89, 70.42, 78.25, 75.0, 75.86, 77.24, 76.09, 74.59, 78.44, 70.22, 71.59, 74.4, 57.38, 55.72, 43.27, 43.06, 43.4, 48.84, 40.37, 38.41, 31.62, 26.2, 25.73, 19.77, 18.07, 16.47, 16.64, 26.45, 14.16, 29.19, 34.97, 42.23, 56.93, 40.95, 43.34, 25.13, 22.04, 43.96, 27.45, 26.43, 21.64]"
3,[15],"[0, 28, 30, 27, 26, 24, 20, 19, 21, 23, 18, 51, 29, 22, 38, 37, 35, 41, 39, 40, 33, 56, 53, 36, 34, 48, 32, 46, 31, 1, 47, 52, 17, 25, 45, 59, 49, 58, 2, 5, 54, 42, 57, 8, 7, 50, 4, 6, 44, 3, 43, 13, 9, 16, 14, 10, 11, 55, 12]","[45.0, 86.0, 77.0, 84.0, 82.0, 88.0, 89.0, 88.0, 82.0, 66.0, 34.0, 85.0, 79.0, 72.0, 88.0, 91.0, 94.0, 91.0, 88.0, 87.0, 73.0, 20.0, 68.0, 85.0, 91.0, 73.0, 60.0, 28.0, 22.0, 12.0, 65.0, 44.0, 36.0, 55.0, 26.0, 0.0, 44.0, 0.0, 8.0, 5.0, 58.0, 20.0, 4.0, 98.0, 91.0, 7.0, 0.0, 90.0, 32.0, 22.0, 5.0, 9.0, 90.0, 91.0, 91.0, 81.0, 80.0, 0.0, 40.0]","[6.0, 31.35, 59.32, 70.58, 70.81, 68.18, 81.53, 85.63, 86.19, 85.35, 82.44, 69.12, 72.09, 73.96, 67.04, 77.12, 81.08, 84.71, 88.35, 87.62, 83.53, 79.13, 71.9, 72.49, 74.29, 68.43, 63.13, 61.97, 61.53, 56.63, 53.71, 56.77, 56.62, 49.69, 47.24, 36.62, 36.27, 33.13, 31.97, 26.65, 25.5, 43.14, 36.95, 27.54, 59.82, 46.66, 44.65, 40.98, 27.52, 28.15, 29.31, 25.14, 22.56, 40.67, 33.86, 28.39, 31.31, 22.47, 18.59]"
4,[15],"[0, 28, 30, 27, 26, 24, 20, 19, 21, 23, 18, 51, 29, 22, 38, 37, 35, 41, 39, 40, 33, 56, 53, 36, 34, 48, 32, 46, 31, 1, 47, 52, 17, 25, 45, 59, 49, 58, 2, 5, 54, 42, 57, 8, 7, 50, 4, 6, 44, 3, 43, 13, 9, 16, 14, 10, 11, 55, 12]","[45.0, 86.0, 77.0, 84.0, 82.0, 88.0, 89.0, 88.0, 82.0, 66.0, 34.0, 85.0, 79.0, 72.0, 88.0, 91.0, 94.0, 91.0, 88.0, 87.0, 73.0, 20.0, 68.0, 85.0, 91.0, 73.0, 60.0, 28.0, 22.0, 12.0, 65.0, 44.0, 36.0, 55.0, 26.0, 0.0, 44.0, 0.0, 8.0, 5.0, 58.0, 20.0, 4.0, 98.0, 91.0, 7.0, 0.0, 90.0, 32.0, 22.0, 5.0, 9.0, 90.0, 91.0, 91.0, 81.0, 80.0, 0.0, 40.0]","[6.0, 31.35, 59.32, 70.58, 70.81, 68.18, 81.53, 85.63, 86.19, 85.35, 82.44, 69.12, 72.09, 73.96, 67.04, 77.12, 81.08, 84.71, 88.35, 87.62, 83.53, 79.13, 71.9, 72.49, 74.29, 68.43, 63.13, 61.97, 61.53, 56.63, 53.71, 56.77, 56.62, 49.69, 47.24, 36.62, 36.27, 33.13, 31.97, 26.65, 25.5, 43.14, 36.95, 27.54, 59.82, 46.66, 44.65, 40.98, 27.52, 28.15, 29.31, 25.14, 22.56, 40.67, 33.86, 28.39, 31.31, 22.47, 18.59]"
5,[39],"[0, 40, 41, 37, 38, 43, 26, 51, 23, 27, 30, 28, 56, 20, 19, 24, 29, 21, 22, 35, 33, 53, 36, 34, 17, 46, 48, 25, 4, 47, 52, 32, 31, 18, 12, 1, 49, 5, 13, 3, 45, 58, 2, 54, 42, 57, 55, 8, 7, 6, 50, 59, 10, 9, 16, 14, 11, 15, 44]","[45.0, 87.0, 91.0, 91.0, 88.0, 5.0, 82.0, 85.0, 66.0, 84.0, 77.0, 86.0, 20.0, 89.0, 88.0, 88.0, 79.0, 82.0, 72.0, 94.0, 73.0, 68.0, 85.0, 91.0, 36.0, 28.0, 73.0, 55.0, 0.0, 65.0, 44.0, 60.0, 22.0, 34.0, 40.0, 12.0, 44.0, 5.0, 9.0, 22.0, 26.0, 0.0, 8.0, 58.0, 20.0, 4.0, 0.0, 98.0, 91.0, 90.0, 7.0, 0.0, 81.0, 90.0, 91.0, 91.0, 80.0, 6.0, 32.0]","[88.0, 78.54, 84.9, 85.74, 88.99, 87.53, 86.14, 84.41, 84.51, 79.66, 82.5, 81.55, 76.81, 72.33, 77.01, 81.22, 82.24, 81.93, 83.23, 76.47, 79.16, 77.77, 75.31, 72.76, 73.89, 73.78, 68.48, 61.54, 57.58, 56.44, 59.5, 58.41, 61.84, 56.01, 41.56, 42.97, 38.45, 39.0, 37.44, 33.96, 34.17, 29.66, 21.01, 15.28, 29.69, 27.52, 28.95, 20.23, 48.84, 43.6, 46.91, 26.31, 22.25, 38.63, 42.55, 38.34, 38.23, 21.81, 20.73]"
6,[50],"[0, 3, 28, 30, 27, 26, 23, 20, 24, 19, 21, 22, 18, 51, 29, 38, 37, 33, 35, 41, 40, 39, 56, 53, 34, 36, 48, 46, 32, 31, 47, 52, 17, 45, 25, 59, 49, 13, 5, 57, 1, 58, 2, 12, 54, 42, 55, 8, 7, 4, 6, 44, 43, 11, 16, 10, 9, 14, 15]","[45.0, 22.0, 86.0, 77.0, 84.0, 82.0, 66.0, 89.0, 88.0, 88.0, 82.0, 72.0, 34.0, 85.0, 79.0, 88.0, 91.0, 73.0, 94.0, 91.0, 87.0, 88.0, 20.0, 68.0, 91.0, 85.0, 73.0, 28.0, 60.0, 22.0, 65.0, 44.0, 36.0, 26.0, 55.0, 0.0, 44.0, 9.0, 5.0, 4.0, 12.0, 0.0, 8.0, 40.0, 58.0, 20.0, 0.0, 98.0, 91.0, 0.0, 90.0, 32.0, 5.0, 80.0, 91.0, 81.0, 90.0, 91.0, 6.0]","[7.0, 34.36, 31.87, 60.12, 66.95, 68.98, 76.68, 72.11, 79.8, 80.52, 74.57, 76.61, 70.84, 69.94, 69.79, 63.45, 72.6, 79.63, 77.52, 84.14, 85.22, 85.16, 79.65, 68.11, 68.72, 70.92, 71.02, 61.71, 61.09, 59.37, 57.19, 58.53, 52.75, 55.94, 44.97, 42.77, 44.51, 39.3, 32.38, 30.8, 24.84, 24.94, 21.64, 17.1, 17.47, 37.18, 26.08, 27.66, 53.38, 44.18, 48.49, 30.09, 27.1, 25.13, 37.93, 46.78, 49.58, 41.73, 26.98]"
7,[20],"[0, 18, 23, 19, 24, 51, 21, 22, 40, 39, 56, 41, 57, 35, 30, 34, 29, 28, 27, 26, 53, 33, 38, 37, 46, 36, 48, 52, 31, 47, 45, 17, 25, 49, 3, 32, 13, 1, 5, 12, 2, 59, 58, 44, 42, 43, 54, 55, 50, 8, 7, 4, 6, 11, 16, 9, 10, 14, 15]","[45.0, 34.0, 66.0, 88.0, 88.0, 85.0, 82.0, 72.0, 87.0, 88.0, 20.0, 91.0, 4.0, 94.0, 77.0, 91.0, 79.0, 86.0, 84.0, 82.0, 68.0, 73.0, 88.0, 91.0, 28.0, 85.0, 73.0, 44.0, 22.0, 65.0, 26.0, 36.0, 55.0, 44.0, 22.0, 60.0, 9.0, 12.0, 5.0, 40.0, 8.0, 0.0, 0.0, 32.0, 20.0, 5.0, 58.0, 0.0, 7.0, 98.0, 91.0, 0.0, 90.0, 80.0, 91.0, 90.0, 81.0, 91.0, 6.0]","[89.0, 79.32, 74.48, 76.39, 80.38, 76.25, 74.32, 73.38, 72.3, 80.41, 75.78, 78.62, 78.14, 78.76, 77.23, 78.11, 77.88, 77.08, 80.91, 80.29, 76.26, 77.56, 73.43, 75.64, 73.79, 73.0, 68.57, 62.12, 63.6, 56.25, 58.6, 47.61, 38.21, 38.7, 40.02, 36.2, 41.35, 33.08, 30.15, 22.94, 24.97, 28.12, 24.82, 18.77, 27.63, 25.83, 17.72, 30.71, 19.63, 17.96, 49.81, 44.0, 44.95, 23.55, 32.38, 44.43, 49.09, 43.39, 26.4]"
8,[14],"[0, 16, 9, 50, 45, 13, 6, 11, 7, 15, 42, 10, 4, 1, 46, 8, 59, 58, 2, 57, 35, 33, 38, 39, 41, 40, 51, 37, 53, 34, 43, 25, 36, 22, 29, 49, 23, 19, 20, 24, 21, 18, 48, 56, 31, 27, 28, 26, 30, 47, 52, 17, 5, 3, 54, 44, 32, 55, 12]","[45.0, 91.0, 90.0, 7.0, 26.0, 9.0, 90.0, 80.0, 91.0, 6.0, 20.0, 81.0, 0.0, 12.0, 28.0, 98.0, 0.0, 0.0, 8.0, 4.0, 94.0, 73.0, 88.0, 88.0, 91.0, 87.0, 85.0, 91.0, 68.0, 91.0, 5.0, 55.0, 85.0, 72.0, 79.0, 44.0, 66.0, 88.0, 89.0, 88.0, 82.0, 34.0, 73.0, 20.0, 22.0, 84.0, 86.0, 82.0, 77.0, 65.0, 44.0, 36.0, 5.0, 22.0, 58.0, 32.0, 60.0, 0.0, 40.0]","[91.0, 74.9, 77.66, 84.96, 72.0, 68.19, 56.88, 73.96, 62.79, 60.47, 60.92, 65.79, 65.25, 47.88, 48.77, 45.85, 53.56, 40.07, 37.39, 35.05, 35.02, 54.12, 61.1, 66.88, 82.4, 78.05, 78.46, 67.58, 55.76, 60.69, 54.03, 51.56, 49.88, 55.93, 66.43, 61.39, 61.03, 63.5, 68.3, 76.77, 70.5, 69.59, 65.07, 60.62, 59.94, 52.29, 70.67, 78.68, 83.19, 47.97, 48.16, 45.13, 36.51, 33.65, 30.24, 26.99, 22.44, 22.1, 17.98]"
9,[29],"[0, 17, 14, 16, 46, 13, 59, 44, 28, 53, 34, 31, 38, 37, 26, 27, 30, 35, 23, 4, 41, 33, 45, 20, 19, 39, 40, 51, 56, 24, 21, 22, 36, 48, 18, 6, 9, 1, 50, 11, 52, 49, 47, 57, 10, 7, 8, 25, 2, 15, 43, 5, 58, 3, 54, 42, 55, 12, 32]","[45.0, 36.0, 91.0, 91.0, 28.0, 9.0, 0.0, 32.0, 86.0, 68.0, 91.0, 22.0, 88.0, 91.0, 82.0, 84.0, 77.0, 94.0, 66.0, 0.0, 91.0, 73.0, 26.0, 89.0, 88.0, 88.0, 87.0, 85.0, 20.0, 88.0, 82.0, 72.0, 85.0, 73.0, 34.0, 90.0, 90.0, 12.0, 7.0, 80.0, 44.0, 44.0, 65.0, 4.0, 81.0, 91.0, 98.0, 55.0, 8.0, 6.0, 5.0, 5.0, 0.0, 22.0, 58.0, 20.0, 0.0, 40.0, 60.0]","[79.0, 68.12, 58.0, 78.68, 75.2, 72.34, 65.34, 68.2, 51.8, 58.62, 65.0, 62.57, 61.64, 73.87, 81.97, 83.56, 81.28, 75.79, 73.78, 71.69, 71.23, 72.68, 69.9, 69.12, 71.31, 78.21, 79.91, 81.74, 73.2, 68.52, 64.03, 77.54, 62.24, 61.48, 62.97, 58.6, 65.87, 67.38, 61.46, 56.83, 51.57, 54.26, 52.1, 51.35, 48.53, 49.87, 61.98, 52.84, 48.4, 38.2, 36.06, 41.46, 32.84, 29.58, 31.89, 40.81, 22.3, 20.85, 13.95]"
10,[36],"[0, 34, 52, 53, 25, 48, 20, 24, 23, 19, 21, 18, 28, 27, 30, 26, 33, 37, 35, 51, 39, 41, 40, 38, 29, 46, 43, 22, 47, 56, 32, 31, 17, 13, 5, 49, 45, 58, 3, 2, 12, 1, 50, 15, 59, 54, 55, 57, 8, 7, 42, 4, 6, 9, 16, 14, 10, 11, 44]","[45.0, 91.0, 44.0, 68.0, 55.0, 73.0, 89.0, 88.0, 66.0, 88.0, 82.0, 34.0, 86.0, 84.0, 77.0, 82.0, 73.0, 91.0, 94.0, 85.0, 88.0, 91.0, 87.0, 88.0, 79.0, 28.0, 5.0, 72.0, 65.0, 20.0, 60.0, 22.0, 36.0, 9.0, 5.0, 44.0, 26.0, 0.0, 22.0, 8.0, 40.0, 12.0, 7.0, 6.0, 0.0, 58.0, 0.0, 4.0, 98.0, 91.0, 20.0, 0.0, 90.0, 90.0, 91.0, 91.0, 81.0, 80.0, 32.0]","[85.0, 73.8, 79.68, 74.44, 73.2, 69.82, 72.17, 84.39, 85.5, 81.85, 84.6, 82.94, 81.25, 84.73, 81.13, 77.34, 79.33, 75.06, 78.85, 80.31, 82.42, 78.75, 83.32, 74.11, 77.44, 74.09, 67.4, 65.42, 61.0, 65.35, 64.23, 64.84, 49.08, 45.06, 42.43, 41.01, 37.55, 30.89, 26.13, 22.28, 16.5, 20.4, 15.55, 14.57, 13.12, 12.13, 27.55, 32.43, 20.63, 55.78, 40.72, 39.47, 37.46, 21.34, 34.99, 31.09, 29.27, 34.42, 20.01]"
11,[28],"[0, 30, 27, 26, 21, 24, 20, 23, 19, 18, 51, 29, 22, 38, 37, 35, 52, 39, 41, 40, 45, 33, 48, 46, 58, 34, 53, 36, 47, 31, 56, 17, 25, 49, 4, 3, 32, 13, 5, 50, 12, 1, 2, 44, 43, 42, 54, 55, 57, 15, 59, 8, 7, 6, 9, 16, 14, 10, 11]","[45.0, 77.0, 84.0, 82.0, 82.0, 88.0, 89.0, 66.0, 88.0, 34.0, 85.0, 79.0, 72.0, 88.0, 91.0, 94.0, 44.0, 88.0, 91.0, 87.0, 26.0, 73.0, 73.0, 28.0, 0.0, 91.0, 68.0, 85.0, 65.0, 22.0, 20.0, 36.0, 55.0, 44.0, 0.0, 22.0, 60.0, 9.0, 5.0, 7.0, 40.0, 12.0, 8.0, 32.0, 5.0, 20.0, 58.0, 0.0, 4.0, 6.0, 0.0, 98.0, 91.0, 90.0, 90.0, 91.0, 91.0, 81.0, 80.0]","[86.0, 73.29, 75.52, 76.82, 76.63, 81.33, 84.68, 86.26, 85.25, 83.67, 70.12, 72.65, 73.11, 70.14, 76.93, 80.98, 84.43, 82.63, 83.2, 87.59, 79.82, 75.25, 68.6, 71.7, 68.47, 70.89, 72.71, 76.89, 66.16, 59.13, 63.05, 44.57, 41.28, 39.17, 39.75, 32.73, 33.45, 33.81, 29.99, 25.55, 20.35, 25.03, 21.28, 16.82, 27.33, 17.89, 17.66, 28.16, 29.15, 14.29, 15.07, 15.11, 37.71, 42.37, 18.31, 39.8, 31.91, 24.99, 32.81]"
12,[30],"[0, 18, 28, 27, 26, 23, 20, 19, 24, 51, 37, 38, 35, 39, 41, 40, 48, 36, 53, 56, 29, 33, 34, 46, 8, 7, 4, 25, 44, 22, 21, 57, 6, 17, 47, 50, 2, 45, 52, 49, 54, 42, 1, 58, 3, 43, 11, 5, 16, 14, 10, 9, 31, 55, 15, 32, 13, 59, 12]","[45.0, 34.0, 86.0, 84.0, 82.0, 66.0, 89.0, 88.0, 88.0, 85.0, 91.0, 88.0, 94.0, 88.0, 91.0, 87.0, 73.0, 85.0, 68.0, 20.0, 79.0, 73.0, 91.0, 28.0, 98.0, 91.0, 0.0, 55.0, 32.0, 72.0, 82.0, 4.0, 90.0, 36.0, 65.0, 7.0, 8.0, 26.0, 44.0, 44.0, 58.0, 20.0, 12.0, 0.0, 22.0, 5.0, 80.0, 5.0, 91.0, 91.0, 81.0, 90.0, 22.0, 0.0, 6.0, 60.0, 9.0, 0.0, 40.0]","[77.0, 67.08, 64.57, 68.46, 72.49, 65.95, 68.76, 77.9, 83.82, 70.56, 72.09, 80.84, 81.89, 87.12, 85.04, 88.1, 86.68, 81.38, 83.87, 76.86, 77.97, 78.24, 73.27, 74.25, 65.28, 85.35, 84.92, 67.75, 67.57, 63.82, 69.66, 62.62, 70.39, 61.16, 54.56, 60.32, 53.51, 53.28, 46.26, 41.82, 42.57, 40.62, 44.52, 33.2, 28.9, 26.89, 30.78, 41.22, 37.97, 49.84, 48.83, 46.49, 37.33, 38.05, 27.27, 28.16, 35.39, 27.8, 16.2]"
13,[16],"[0, 29, 43, 53, 31, 46, 34, 25, 28, 27, 26, 30, 35, 19, 20, 23, 22, 21, 18, 24, 38, 37, 36, 52, 41, 40, 39, 33, 51, 48, 1, 56, 4, 47, 45, 57, 49, 17, 9, 50, 3, 10, 6, 11, 2, 14, 58, 5, 7, 8, 13, 54, 42, 15, 55, 44, 12, 59, 32]","[45.0, 79.0, 5.0, 68.0, 22.0, 28.0, 91.0, 55.0, 86.0, 84.0, 82.0, 77.0, 94.0, 88.0, 89.0, 66.0, 72.0, 82.0, 34.0, 88.0, 88.0, 91.0, 85.0, 44.0, 91.0, 87.0, 88.0, 73.0, 85.0, 73.0, 12.0, 20.0, 0.0, 65.0, 26.0, 4.0, 44.0, 36.0, 90.0, 7.0, 22.0, 81.0, 90.0, 80.0, 8.0, 91.0, 0.0, 5.0, 91.0, 98.0, 9.0, 58.0, 20.0, 6.0, 0.0, 32.0, 40.0, 0.0, 60.0]","[91.0, 73.52, 75.06, 68.4, 70.35, 68.49, 59.27, 72.73, 70.18, 68.74, 71.2, 80.23, 72.83, 77.02, 79.02, 81.2, 73.7, 74.43, 75.42, 75.82, 71.28, 75.26, 69.16, 72.36, 71.55, 81.87, 85.22, 84.4, 82.77, 71.3, 60.17, 58.88, 52.32, 52.59, 47.7, 44.51, 47.95, 43.05, 39.96, 56.23, 42.94, 42.75, 51.21, 48.94, 48.45, 52.03, 33.64, 32.48, 26.7, 55.68, 35.27, 33.35, 47.73, 28.34, 25.55, 21.59, 20.17, 23.21, 22.39]"
14,[6],"[0, 7, 50, 11, 16, 57, 4, 14, 10, 13, 46, 2, 9, 42, 59, 49, 33, 51, 41, 39, 40, 38, 37, 35, 29, 23, 22, 56, 19, 21, 24, 20, 1, 18, 26, 27, 28, 30, 58, 17, 45, 53, 34, 36, 48, 47, 25, 52, 8, 31, 5, 44, 43, 3, 54, 15, 55, 12, 32]","[45.0, 91.0, 7.0, 80.0, 91.0, 4.0, 0.0, 91.0, 81.0, 9.0, 28.0, 8.0, 90.0, 20.0, 0.0, 44.0, 73.0, 85.0, 91.0, 88.0, 87.0, 88.0, 91.0, 94.0, 79.0, 66.0, 72.0, 20.0, 88.0, 82.0, 88.0, 89.0, 12.0, 34.0, 82.0, 84.0, 86.0, 77.0, 0.0, 36.0, 26.0, 68.0, 91.0, 85.0, 73.0, 65.0, 55.0, 44.0, 98.0, 22.0, 5.0, 32.0, 5.0, 22.0, 58.0, 6.0, 0.0, 40.0, 60.0]","[90.0, 76.95, 79.62, 78.27, 68.38, 71.43, 74.7, 61.56, 64.03, 68.16, 62.54, 57.11, 54.3, 55.64, 44.05, 42.49, 48.06, 57.21, 71.7, 80.99, 85.55, 66.98, 67.98, 66.71, 56.19, 68.46, 66.15, 71.03, 69.67, 78.27, 75.28, 80.61, 72.68, 64.65, 57.88, 72.21, 79.08, 82.35, 55.68, 49.19, 48.61, 54.64, 62.69, 61.6, 66.93, 57.98, 54.02, 57.04, 56.26, 38.79, 35.82, 36.59, 32.22, 30.02, 26.33, 27.55, 25.7, 19.92, 19.76]"
15,[13],"[0, 26, 30, 27, 28, 24, 20, 19, 23, 21, 18, 51, 29, 22, 38, 37, 35, 41, 39, 40, 33, 45, 56, 53, 34, 36, 48, 46, 17, 47, 52, 57, 25, 31, 49, 3, 5, 32, 1, 58, 2, 54, 42, 7, 8, 6, 50, 4, 44, 43, 59, 55, 12, 11, 10, 16, 9, 14, 15]","[45.0, 82.0, 77.0, 84.0, 86.0, 88.0, 89.0, 88.0, 66.0, 82.0, 34.0, 85.0, 79.0, 72.0, 88.0, 91.0, 94.0, 91.0, 88.0, 87.0, 73.0, 26.0, 20.0, 68.0, 91.0, 85.0, 73.0, 28.0, 36.0, 65.0, 44.0, 4.0, 55.0, 22.0, 44.0, 22.0, 5.0, 60.0, 12.0, 0.0, 8.0, 58.0, 20.0, 91.0, 98.0, 90.0, 7.0, 0.0, 32.0, 5.0, 0.0, 0.0, 40.0, 80.0, 81.0, 91.0, 90.0, 91.0, 6.0]","[9.0, 34.92, 65.81, 74.42, 71.95, 73.91, 83.16, 85.02, 86.91, 86.42, 82.68, 68.74, 68.56, 71.31, 67.13, 78.05, 81.85, 84.12, 86.5, 86.93, 84.22, 81.34, 81.82, 71.67, 71.63, 71.03, 68.93, 68.75, 58.36, 54.71, 54.6, 51.46, 42.45, 45.16, 34.99, 35.64, 29.95, 27.85, 31.76, 28.11, 22.78, 20.71, 43.05, 28.48, 53.02, 45.96, 50.2, 40.87, 29.53, 30.02, 26.53, 22.2, 18.99, 19.87, 44.61, 46.1, 52.32, 43.9, 24.94]"
16,[23],"[0, 19, 21, 22, 24, 20, 30, 18, 28, 27, 26, 29, 51, 38, 37, 35, 41, 40, 39, 47, 33, 52, 45, 56, 34, 53, 36, 48, 46, 32, 31, 1, 17, 25, 59, 49, 3, 58, 5, 8, 7, 16, 4, 42, 6, 50, 2, 57, 9, 14, 10, 11, 44, 15, 13, 43, 54, 55, 12]","[45.0, 88.0, 82.0, 72.0, 88.0, 89.0, 77.0, 34.0, 86.0, 84.0, 82.0, 79.0, 85.0, 88.0, 91.0, 94.0, 91.0, 87.0, 88.0, 65.0, 73.0, 44.0, 26.0, 20.0, 91.0, 68.0, 85.0, 73.0, 28.0, 60.0, 22.0, 12.0, 36.0, 55.0, 0.0, 44.0, 22.0, 0.0, 5.0, 98.0, 91.0, 91.0, 0.0, 20.0, 90.0, 7.0, 8.0, 4.0, 90.0, 91.0, 81.0, 80.0, 32.0, 6.0, 9.0, 5.0, 58.0, 0.0, 40.0]","[66.0, 61.38, 79.26, 81.24, 77.86, 78.4, 81.2, 80.65, 75.97, 78.81, 80.02, 74.1, 74.64, 65.93, 76.96, 81.52, 85.48, 87.82, 87.27, 85.2, 82.41, 76.75, 78.25, 69.39, 70.58, 73.26, 73.23, 75.81, 69.33, 63.46, 64.48, 55.94, 51.05, 44.86, 40.69, 44.67, 34.06, 37.2, 30.62, 29.95, 68.54, 63.17, 76.37, 50.81, 52.05, 49.96, 47.55, 35.17, 37.35, 33.81, 31.46, 33.36, 29.62, 33.8, 30.76, 31.37, 26.65, 24.23, 18.67]"
17,[33],"[0, 56, 34, 53, 35, 51, 41, 40, 39, 6, 11, 38, 37, 16, 14, 10, 4, 43, 52, 46, 32, 29, 1, 59, 9, 50, 17, 28, 30, 27, 26, 23, 20, 19, 24, 21, 22, 18, 49, 13, 31, 2, 36, 48, 47, 45, 25, 7, 8, 57, 15, 58, 5, 3, 54, 42, 55, 12, 44]","[45.0, 20.0, 91.0, 68.0, 94.0, 85.0, 91.0, 87.0, 88.0, 90.0, 80.0, 88.0, 91.0, 91.0, 91.0, 81.0, 0.0, 5.0, 44.0, 28.0, 60.0, 79.0, 12.0, 0.0, 90.0, 7.0, 36.0, 86.0, 77.0, 84.0, 82.0, 66.0, 89.0, 88.0, 88.0, 82.0, 72.0, 34.0, 44.0, 9.0, 22.0, 8.0, 85.0, 73.0, 65.0, 26.0, 55.0, 91.0, 98.0, 4.0, 6.0, 0.0, 5.0, 22.0, 58.0, 20.0, 0.0, 40.0, 32.0]","[73.0, 66.0, 56.18, 72.47, 66.6, 70.1, 76.62, 83.04, 83.67, 73.27, 82.41, 82.97, 83.6, 81.9, 83.82, 83.07, 84.47, 86.21, 72.79, 66.04, 64.75, 66.0, 71.2, 58.95, 63.48, 57.22, 51.87, 49.42, 65.16, 71.97, 75.15, 71.16, 68.53, 74.49, 79.48, 75.3, 76.75, 65.7, 63.83, 54.11, 52.46, 50.51, 56.77, 54.31, 57.66, 52.2, 43.54, 44.61, 51.19, 44.48, 42.55, 39.42, 36.47, 31.0, 33.07, 41.31, 25.35, 19.32, 19.39]"
18,[11],"[0, 55, 10, 46, 4, 31, 16, 6, 9, 52, 50, 2, 28, 27, 30, 26, 35, 38, 40, 41, 39, 51, 33, 23, 37, 29, 22, 56, 17, 24, 20, 19, 21, 58, 18, 57, 49, 34, 53, 36, 1, 48, 47, 45, 25, 14, 3, 7, 8, 5, 44, 43, 15, 12, 13, 54, 42, 59, 32]","[45.0, 0.0, 81.0, 28.0, 0.0, 22.0, 91.0, 90.0, 90.0, 44.0, 7.0, 8.0, 86.0, 84.0, 77.0, 82.0, 94.0, 88.0, 87.0, 91.0, 88.0, 85.0, 73.0, 66.0, 91.0, 79.0, 72.0, 20.0, 36.0, 88.0, 89.0, 88.0, 82.0, 0.0, 34.0, 4.0, 44.0, 91.0, 68.0, 85.0, 12.0, 73.0, 65.0, 26.0, 55.0, 91.0, 22.0, 91.0, 98.0, 5.0, 32.0, 5.0, 6.0, 40.0, 9.0, 58.0, 20.0, 0.0, 60.0]","[80.0, 69.15, 56.0, 65.49, 62.72, 48.17, 44.98, 57.45, 67.79, 57.86, 50.42, 50.46, 39.31, 63.73, 76.12, 78.58, 72.52, 81.77, 80.87, 84.81, 86.38, 87.6, 88.2, 84.02, 77.12, 77.66, 71.94, 70.77, 71.24, 67.5, 77.24, 81.72, 78.11, 66.93, 60.95, 60.47, 55.27, 52.69, 63.58, 66.13, 58.96, 59.1, 53.23, 54.25, 46.37, 50.46, 42.3, 36.82, 54.68, 45.49, 52.66, 37.42, 27.4, 25.94, 26.2, 23.99, 36.44, 19.72, 20.98]"
19,[43],"[0, 3, 13, 28, 30, 26, 27, 20, 23, 24, 19, 21, 22, 18, 51, 29, 35, 56, 34, 53, 33, 41, 40, 39, 36, 37, 48, 38, 46, 47, 52, 17, 49, 45, 25, 31, 5, 32, 1, 58, 2, 12, 59, 50, 15, 54, 42, 55, 57, 8, 7, 6, 4, 16, 9, 14, 10, 11, 44]","[45.0, 22.0, 9.0, 86.0, 77.0, 82.0, 84.0, 89.0, 66.0, 88.0, 88.0, 82.0, 72.0, 34.0, 85.0, 79.0, 94.0, 20.0, 91.0, 68.0, 73.0, 91.0, 87.0, 88.0, 85.0, 91.0, 73.0, 88.0, 28.0, 65.0, 44.0, 36.0, 44.0, 26.0, 55.0, 22.0, 5.0, 60.0, 12.0, 0.0, 8.0, 40.0, 0.0, 7.0, 6.0, 58.0, 20.0, 0.0, 4.0, 98.0, 91.0, 90.0, 0.0, 91.0, 90.0, 91.0, 81.0, 80.0, 32.0]","[5.0, 34.2, 32.45, 28.94, 59.98, 70.37, 79.61, 75.5, 82.64, 80.42, 83.9, 75.86, 73.77, 71.2, 70.61, 67.32, 61.4, 75.44, 69.4, 79.21, 77.88, 71.73, 82.33, 76.34, 60.38, 58.7, 68.59, 75.42, 70.86, 60.48, 60.1, 56.36, 43.89, 43.4, 38.64, 41.58, 30.79, 29.62, 29.49, 26.86, 24.83, 17.32, 20.92, 13.8, 12.63, 13.52, 24.86, 27.88, 30.29, 16.27, 48.94, 36.78, 33.18, 17.4, 40.39, 34.91, 27.37, 31.04, 19.86]"
20,[57],"[0, 3, 13, 28, 27, 30, 26, 24, 20, 19, 21, 22, 23, 18, 51, 29, 35, 36, 53, 48, 56, 34, 33, 41, 40, 39, 37, 38, 46, 52, 47, 17, 25, 49, 45, 31, 5, 32, 1, 54, 8, 7, 42, 6, 50, 4, 2, 43, 58, 59, 16, 9, 10, 14, 11, 55, 44, 12, 15]","[45.0, 22.0, 9.0, 86.0, 84.0, 77.0, 82.0, 88.0, 89.0, 88.0, 82.0, 72.0, 66.0, 34.0, 85.0, 79.0, 94.0, 85.0, 68.0, 73.0, 20.0, 91.0, 73.0, 91.0, 87.0, 88.0, 91.0, 88.0, 28.0, 44.0, 65.0, 36.0, 55.0, 44.0, 26.0, 22.0, 5.0, 60.0, 12.0, 58.0, 98.0, 91.0, 20.0, 90.0, 7.0, 0.0, 8.0, 5.0, 0.0, 0.0, 91.0, 90.0, 81.0, 91.0, 80.0, 0.0, 32.0, 40.0, 6.0]","[4.0, 33.93, 32.82, 28.62, 55.04, 72.55, 69.76, 73.44, 82.49, 81.35, 82.39, 76.52, 77.3, 73.94, 68.27, 68.01, 60.3, 73.94, 82.91, 78.73, 77.35, 76.83, 73.98, 69.38, 80.77, 79.29, 71.83, 82.98, 67.25, 62.72, 59.37, 56.43, 45.23, 45.21, 43.89, 40.8, 31.71, 28.48, 30.22, 25.85, 36.58, 64.43, 58.96, 47.54, 52.34, 50.38, 38.46, 33.29, 34.57, 27.03, 23.44, 46.82, 34.65, 36.46, 39.14, 29.1, 22.19, 21.57, 24.69]"
21,[10],"[0, 11, 16, 55, 46, 4, 6, 9, 50, 14, 32, 29, 13, 51, 33, 41, 40, 39, 38, 37, 35, 1, 43, 53, 34, 25, 36, 31, 59, 56, 48, 23, 20, 24, 19, 22, 21, 18, 47, 49, 27, 26, 28, 30, 52, 17, 2, 45, 8, 7, 57, 5, 58, 54, 42, 3, 44, 15, 12]","[45.0, 80.0, 91.0, 0.0, 28.0, 0.0, 90.0, 90.0, 7.0, 91.0, 60.0, 79.0, 9.0, 85.0, 73.0, 91.0, 87.0, 88.0, 88.0, 91.0, 94.0, 12.0, 5.0, 68.0, 91.0, 55.0, 85.0, 22.0, 0.0, 20.0, 73.0, 66.0, 89.0, 88.0, 88.0, 72.0, 82.0, 34.0, 65.0, 44.0, 84.0, 82.0, 86.0, 77.0, 44.0, 36.0, 8.0, 26.0, 98.0, 91.0, 4.0, 5.0, 0.0, 58.0, 20.0, 22.0, 32.0, 6.0, 40.0]","[81.0, 69.12, 70.99, 74.57, 69.8, 67.3, 54.7, 66.84, 71.05, 53.33, 53.94, 54.05, 58.32, 60.24, 74.79, 75.37, 80.3, 85.05, 72.75, 74.37, 69.0, 65.28, 73.96, 65.07, 64.26, 62.54, 53.98, 59.57, 54.98, 61.58, 49.6, 51.82, 63.44, 74.57, 82.59, 81.26, 75.43, 69.63, 58.03, 57.75, 56.13, 75.53, 81.88, 80.0, 51.55, 52.77, 44.96, 45.83, 37.5, 66.33, 39.77, 38.92, 30.31, 31.13, 42.3, 28.79, 24.89, 21.72, 18.55]"
22,[58],"[0, 3, 2, 46, 28, 30, 26, 27, 23, 20, 19, 24, 21, 22, 18, 51, 29, 36, 53, 37, 38, 35, 41, 40, 39, 33, 48, 34, 47, 52, 56, 17, 25, 49, 45, 31, 5, 50, 32, 13, 43, 1, 12, 59, 15, 54, 42, 55, 57, 8, 7, 6, 4, 44, 16, 9, 14, 10, 11]","[45.0, 22.0, 8.0, 28.0, 86.0, 77.0, 82.0, 84.0, 66.0, 89.0, 88.0, 88.0, 82.0, 72.0, 34.0, 85.0, 79.0, 85.0, 68.0, 91.0, 88.0, 94.0, 91.0, 87.0, 88.0, 73.0, 73.0, 91.0, 65.0, 44.0, 20.0, 36.0, 55.0, 44.0, 26.0, 22.0, 5.0, 7.0, 60.0, 9.0, 5.0, 12.0, 40.0, 0.0, 6.0, 58.0, 20.0, 0.0, 4.0, 98.0, 91.0, 90.0, 0.0, 32.0, 91.0, 90.0, 91.0, 81.0, 80.0]","[0.0, 32.85, 32.06, 26.8, 27.99, 59.67, 67.74, 77.89, 61.52, 66.81, 77.25, 74.16, 71.35, 78.13, 72.34, 69.91, 72.57, 45.93, 71.88, 73.8, 76.61, 79.7, 81.12, 85.43, 85.49, 84.27, 82.63, 75.54, 73.49, 69.54, 59.29, 60.2, 51.42, 48.9, 45.59, 44.54, 32.22, 29.19, 26.91, 24.45, 23.29, 16.48, 17.56, 16.06, 16.27, 14.93, 25.97, 28.26, 28.1, 16.14, 47.42, 41.95, 33.53, 18.23, 19.5, 44.64, 32.6, 36.32, 33.84]"
23,[59],"[0, 26, 30, 27, 28, 18, 23, 19, 24, 20, 51, 29, 37, 38, 35, 39, 41, 40, 56, 53, 36, 48, 46, 33, 34, 47, 32, 31, 52, 7, 8, 16, 4, 44, 25, 6, 9, 1, 22, 21, 17, 57, 2, 50, 45, 11, 10, 58, 49, 5, 14, 42, 13, 3, 43, 54, 55, 15, 12]","[45.0, 82.0, 77.0, 84.0, 86.0, 34.0, 66.0, 88.0, 88.0, 89.0, 85.0, 79.0, 91.0, 88.0, 94.0, 88.0, 91.0, 87.0, 20.0, 68.0, 85.0, 73.0, 28.0, 73.0, 91.0, 65.0, 60.0, 22.0, 44.0, 91.0, 98.0, 91.0, 0.0, 32.0, 55.0, 90.0, 90.0, 12.0, 72.0, 82.0, 36.0, 4.0, 8.0, 7.0, 26.0, 80.0, 81.0, 0.0, 44.0, 5.0, 91.0, 20.0, 9.0, 22.0, 5.0, 58.0, 0.0, 6.0, 40.0]","[0.0, 31.05, 65.16, 75.56, 73.36, 68.22, 63.45, 70.07, 79.04, 82.99, 66.47, 68.73, 67.7, 80.12, 80.8, 86.98, 84.61, 88.3, 84.17, 73.62, 73.1, 76.72, 72.83, 76.28, 73.02, 63.75, 54.81, 60.25, 58.27, 56.54, 75.19, 79.16, 85.02, 76.64, 65.66, 61.13, 67.75, 75.17, 60.78, 65.48, 56.84, 57.59, 56.69, 53.67, 51.36, 47.66, 48.58, 48.77, 43.07, 43.37, 42.9, 39.28, 38.19, 31.52, 30.45, 26.5, 31.69, 24.85, 20.55]"
24,[45],"[0, 3, 32, 31, 18, 48, 50, 47, 25, 34, 36, 53, 35, 51, 37, 39, 40, 41, 33, 27, 30, 28, 23, 38, 26, 56, 20, 19, 24, 29, 46, 52, 17, 13, 21, 22, 49, 57, 5, 12, 1, 2, 58, 59, 54, 42, 55, 44, 43, 8, 7, 4, 6, 11, 16, 9, 10, 14, 15]","[45.0, 22.0, 60.0, 22.0, 34.0, 73.0, 7.0, 65.0, 55.0, 91.0, 85.0, 68.0, 94.0, 85.0, 91.0, 88.0, 87.0, 91.0, 73.0, 84.0, 77.0, 86.0, 66.0, 88.0, 82.0, 20.0, 89.0, 88.0, 88.0, 79.0, 28.0, 44.0, 36.0, 9.0, 82.0, 72.0, 44.0, 4.0, 5.0, 40.0, 12.0, 8.0, 0.0, 0.0, 58.0, 20.0, 0.0, 32.0, 5.0, 98.0, 91.0, 0.0, 90.0, 80.0, 91.0, 90.0, 81.0, 91.0, 6.0]","[26.0, 40.06, 36.33, 50.61, 44.05, 42.68, 51.56, 46.64, 51.52, 45.31, 61.31, 62.56, 65.23, 76.39, 80.68, 81.32, 81.96, 84.29, 83.88, 80.66, 81.95, 81.11, 80.18, 81.27, 80.22, 74.09, 65.95, 77.82, 80.79, 69.51, 73.82, 50.89, 44.38, 42.56, 40.42, 67.16, 37.26, 37.67, 34.36, 25.84, 30.0, 22.51, 25.03, 16.76, 15.07, 35.82, 30.36, 25.03, 25.42, 17.79, 48.04, 56.36, 33.69, 26.64, 42.54, 50.09, 46.29, 41.97, 31.39]"
25,[24],"[0, 18, 19, 23, 51, 20, 21, 56, 28, 30, 27, 26, 22, 29, 46, 17, 31, 57, 12, 2, 48, 36, 34, 35, 53, 33, 41, 40, 39, 38, 37, 47, 52, 45, 49, 3, 25, 32, 13, 5, 1, 58, 44, 42, 43, 59, 15, 16, 9, 50, 10, 6, 14, 11, 7, 8, 4, 54, 55]","[45.0, 34.0, 88.0, 66.0, 85.0, 89.0, 82.0, 20.0, 86.0, 77.0, 84.0, 82.0, 72.0, 79.0, 28.0, 36.0, 22.0, 4.0, 40.0, 8.0, 73.0, 85.0, 91.0, 94.0, 68.0, 73.0, 91.0, 87.0, 88.0, 88.0, 91.0, 65.0, 44.0, 26.0, 44.0, 22.0, 55.0, 60.0, 9.0, 5.0, 12.0, 0.0, 32.0, 20.0, 5.0, 0.0, 6.0, 91.0, 90.0, 7.0, 81.0, 90.0, 91.0, 80.0, 91.0, 98.0, 0.0, 58.0, 0.0]","[88.0, 78.54, 73.54, 84.44, 77.53, 74.98, 74.74, 73.34, 76.95, 80.65, 82.03, 82.98, 73.61, 75.49, 56.81, 48.77, 43.79, 37.48, 36.5, 37.24, 35.89, 44.58, 56.25, 64.3, 74.45, 70.55, 70.23, 81.06, 78.41, 67.79, 69.36, 58.65, 56.79, 46.81, 38.84, 38.17, 34.97, 33.89, 38.01, 36.48, 29.93, 27.49, 22.27, 28.03, 26.99, 21.25, 19.87, 16.92, 42.69, 62.33, 44.14, 52.57, 39.88, 49.76, 30.24, 46.36, 56.27, 26.64, 23.43]"
26,[47],"[0, 52, 48, 41, 40, 39, 51, 58, 33, 37, 35, 23, 34, 43, 28, 27, 30, 36, 20, 24, 26, 19, 53, 22, 21, 38, 29, 25, 18, 46, 56, 31, 45, 49, 3, 17, 32, 13, 5, 1, 2, 59, 12, 54, 42, 57, 55, 8, 7, 6, 50, 4, 11, 10, 16, 9, 14, 44, 15]","[45.0, 44.0, 73.0, 91.0, 87.0, 88.0, 85.0, 0.0, 73.0, 91.0, 94.0, 66.0, 91.0, 5.0, 86.0, 84.0, 77.0, 85.0, 89.0, 88.0, 82.0, 88.0, 68.0, 72.0, 82.0, 88.0, 79.0, 55.0, 34.0, 28.0, 20.0, 22.0, 26.0, 44.0, 22.0, 36.0, 60.0, 9.0, 5.0, 12.0, 8.0, 0.0, 40.0, 58.0, 20.0, 4.0, 0.0, 98.0, 91.0, 90.0, 7.0, 0.0, 80.0, 81.0, 91.0, 90.0, 91.0, 32.0, 6.0]","[65.0, 59.4, 56.56, 58.37, 76.06, 84.64, 84.08, 82.21, 80.49, 74.74, 77.88, 81.84, 77.96, 74.62, 75.87, 78.64, 81.34, 76.89, 75.09, 79.63, 73.84, 80.74, 74.54, 72.06, 73.66, 75.45, 77.12, 69.49, 74.45, 72.2, 58.52, 62.87, 49.18, 44.74, 41.46, 40.56, 35.17, 39.51, 32.46, 26.23, 24.78, 17.95, 17.5, 16.06, 31.51, 25.01, 26.46, 21.78, 62.41, 41.46, 47.17, 39.77, 23.51, 37.65, 43.99, 50.89, 37.72, 27.82, 23.62]"
27,[41],"[0, 39, 40, 37, 38, 43, 51, 27, 26, 23, 30, 28, 35, 56, 33, 53, 29, 19, 24, 20, 21, 22, 36, 34, 32, 48, 25, 46, 18, 31, 47, 52, 17, 13, 49, 45, 5, 3, 58, 2, 59, 50, 12, 1, 16, 4, 57, 14, 6, 9, 10, 11, 8, 7, 54, 42, 15, 44, 55]","[45.0, 88.0, 87.0, 91.0, 88.0, 5.0, 85.0, 84.0, 82.0, 66.0, 77.0, 86.0, 94.0, 20.0, 73.0, 68.0, 79.0, 88.0, 88.0, 89.0, 82.0, 72.0, 85.0, 91.0, 60.0, 73.0, 55.0, 28.0, 34.0, 22.0, 65.0, 44.0, 36.0, 9.0, 44.0, 26.0, 5.0, 22.0, 0.0, 8.0, 0.0, 7.0, 40.0, 12.0, 91.0, 0.0, 4.0, 91.0, 90.0, 90.0, 81.0, 80.0, 98.0, 91.0, 58.0, 20.0, 6.0, 32.0, 0.0]","[91.0, 79.5, 85.85, 85.55, 89.14, 87.77, 86.93, 84.76, 84.56, 84.98, 82.78, 81.32, 76.89, 78.26, 81.05, 81.68, 73.3, 73.45, 78.69, 83.39, 78.19, 80.2, 73.31, 71.44, 73.43, 71.19, 72.44, 72.11, 70.49, 61.13, 52.41, 58.49, 49.01, 48.54, 41.86, 43.88, 38.07, 32.79, 30.69, 26.82, 18.57, 17.83, 17.38, 19.69, 14.11, 31.03, 26.34, 28.23, 29.96, 40.65, 42.44, 48.54, 29.03, 59.36, 33.8, 44.82, 29.35, 22.56, 23.25]"
28,[7],"[0, 50, 11, 6, 4, 54, 14, 16, 9, 42, 58, 10, 13, 8, 15, 25, 1, 45, 59, 46, 49, 2, 47, 53, 33, 29, 40, 41, 39, 51, 56, 38, 35, 37, 34, 22, 36, 23, 19, 21, 20, 24, 18, 48, 17, 28, 27, 26, 30, 57, 52, 31, 5, 44, 3, 43, 55, 12, 32]","[45.0, 7.0, 80.0, 90.0, 0.0, 58.0, 91.0, 91.0, 90.0, 20.0, 0.0, 81.0, 9.0, 98.0, 6.0, 55.0, 12.0, 26.0, 0.0, 28.0, 44.0, 8.0, 65.0, 68.0, 73.0, 79.0, 87.0, 91.0, 88.0, 85.0, 20.0, 88.0, 94.0, 91.0, 91.0, 72.0, 85.0, 66.0, 88.0, 82.0, 89.0, 88.0, 34.0, 73.0, 36.0, 86.0, 84.0, 82.0, 77.0, 4.0, 44.0, 22.0, 5.0, 32.0, 22.0, 5.0, 0.0, 40.0, 60.0]","[91.0, 75.82, 63.3, 67.05, 64.37, 69.87, 61.67, 65.69, 63.59, 70.85, 59.99, 57.62, 61.27, 52.37, 54.41, 51.17, 47.01, 46.12, 46.47, 46.4, 38.97, 41.62, 40.95, 42.19, 50.45, 54.99, 59.43, 74.44, 79.94, 72.6, 64.48, 53.86, 58.89, 63.17, 64.32, 55.46, 57.28, 59.68, 62.69, 69.61, 73.55, 79.38, 72.09, 64.14, 56.59, 56.98, 72.17, 78.31, 80.0, 49.69, 45.67, 42.51, 36.04, 33.78, 32.4, 31.45, 22.33, 22.06, 20.59]"
29,[35],"[0, 56, 34, 53, 33, 51, 41, 40, 39, 10, 11, 38, 37, 6, 16, 14, 46, 4, 9, 43, 50, 1, 52, 29, 59, 28, 27, 26, 30, 23, 20, 19, 22, 24, 17, 21, 18, 49, 58, 36, 48, 47, 2, 45, 31, 25, 5, 8, 7, 57, 42, 3, 15, 54, 13, 44, 55, 12, 32]","[45.0, 20.0, 91.0, 68.0, 73.0, 85.0, 91.0, 87.0, 88.0, 81.0, 80.0, 88.0, 91.0, 90.0, 91.0, 91.0, 28.0, 0.0, 90.0, 5.0, 7.0, 12.0, 44.0, 79.0, 0.0, 86.0, 84.0, 82.0, 77.0, 66.0, 89.0, 88.0, 72.0, 88.0, 36.0, 82.0, 34.0, 44.0, 0.0, 85.0, 73.0, 65.0, 8.0, 26.0, 22.0, 55.0, 5.0, 98.0, 91.0, 4.0, 20.0, 22.0, 6.0, 58.0, 9.0, 32.0, 0.0, 40.0, 60.0]","[94.0, 81.75, 68.19, 80.25, 70.59, 70.25, 74.61, 81.75, 83.57, 73.01, 77.45, 79.75, 81.23, 79.73, 82.83, 82.95, 83.02, 84.15, 82.6, 82.75, 65.74, 61.15, 41.29, 40.52, 58.66, 45.11, 66.83, 76.42, 76.69, 75.55, 70.77, 78.91, 80.91, 78.79, 73.12, 73.21, 65.54, 65.57, 56.31, 61.47, 54.87, 55.13, 53.44, 53.99, 46.44, 45.08, 38.54, 36.45, 64.65, 42.58, 37.4, 34.88, 30.63, 31.14, 28.24, 25.3, 24.08, 19.95, 20.98]"
30,[34],"[0, 53, 25, 36, 48, 35, 33, 51, 23, 27, 30, 56, 28, 26, 39, 41, 40, 37, 38, 20, 24, 19, 21, 22, 29, 31, 46, 18, 57, 47, 52, 45, 17, 3, 49, 32, 2, 13, 5, 43, 58, 12, 1, 59, 50, 15, 54, 42, 55, 8, 7, 6, 4, 16, 9, 14, 10, 11, 44]","[45.0, 68.0, 55.0, 85.0, 73.0, 94.0, 73.0, 85.0, 66.0, 84.0, 77.0, 20.0, 86.0, 82.0, 88.0, 91.0, 87.0, 91.0, 88.0, 89.0, 88.0, 88.0, 82.0, 72.0, 79.0, 22.0, 28.0, 34.0, 4.0, 65.0, 44.0, 26.0, 36.0, 22.0, 44.0, 60.0, 8.0, 9.0, 5.0, 5.0, 0.0, 40.0, 12.0, 0.0, 7.0, 6.0, 58.0, 20.0, 0.0, 98.0, 91.0, 90.0, 0.0, 91.0, 90.0, 91.0, 81.0, 80.0, 32.0]","[91.0, 78.58, 73.52, 71.77, 72.12, 73.74, 83.37, 81.19, 86.11, 80.02, 82.79, 81.66, 78.69, 78.8, 75.65, 77.66, 80.5, 78.68, 79.23, 71.68, 78.05, 79.86, 79.38, 81.04, 77.27, 73.1, 69.42, 73.33, 56.17, 55.18, 61.45, 49.71, 40.73, 38.98, 36.1, 34.34, 41.92, 33.29, 29.09, 28.05, 25.32, 20.29, 24.83, 20.14, 14.25, 13.76, 13.2, 30.6, 28.91, 17.42, 47.89, 37.18, 37.41, 21.17, 40.42, 32.98, 28.15, 30.14, 21.93]"
31,[0],"[1, 3, 49, 28, 30, 26, 27, 19, 24, 21, 20, 23, 22, 18, 51, 29, 35, 39, 41, 40, 33, 37, 56, 53, 34, 48, 38, 36, 46, 17, 47, 52, 45, 58, 25, 31, 5, 42, 32, 16, 9, 50, 4, 57, 6, 2, 10, 14, 11, 7, 8, 13, 44, 43, 59, 15, 54, 55, 12]","[12.0, 22.0, 44.0, 86.0, 77.0, 82.0, 84.0, 88.0, 88.0, 82.0, 89.0, 66.0, 72.0, 34.0, 85.0, 79.0, 94.0, 88.0, 91.0, 87.0, 73.0, 91.0, 20.0, 68.0, 91.0, 73.0, 88.0, 85.0, 28.0, 36.0, 65.0, 44.0, 26.0, 0.0, 55.0, 22.0, 5.0, 20.0, 60.0, 91.0, 90.0, 7.0, 0.0, 4.0, 90.0, 8.0, 81.0, 91.0, 80.0, 91.0, 98.0, 9.0, 32.0, 5.0, 0.0, 6.0, 58.0, 0.0, 40.0]","[45.0, 34.11, 31.85, 37.8, 65.68, 71.4, 79.85, 71.53, 81.33, 84.27, 83.05, 86.35, 82.94, 81.45, 72.54, 71.33, 63.91, 78.21, 83.5, 87.23, 84.55, 82.03, 82.69, 70.23, 72.18, 71.9, 76.81, 78.13, 70.01, 56.16, 59.14, 55.84, 53.36, 45.95, 47.24, 46.27, 34.87, 32.47, 29.94, 31.51, 48.66, 57.8, 57.87, 40.59, 41.56, 43.82, 39.65, 41.21, 44.88, 36.67, 52.23, 31.68, 33.29, 30.82, 30.45, 25.94, 23.81, 27.07, 20.65]"
32,[4],"[0, 28, 30, 27, 26, 24, 20, 23, 19, 21, 18, 51, 29, 22, 38, 37, 35, 41, 39, 40, 33, 56, 53, 34, 36, 48, 46, 17, 47, 52, 58, 31, 32, 49, 25, 5, 45, 14, 50, 16, 2, 6, 1, 9, 7, 8, 44, 42, 59, 10, 11, 13, 57, 43, 15, 54, 3, 55, 12]","[45.0, 86.0, 77.0, 84.0, 82.0, 88.0, 89.0, 66.0, 88.0, 82.0, 34.0, 85.0, 79.0, 72.0, 88.0, 91.0, 94.0, 91.0, 88.0, 87.0, 73.0, 20.0, 68.0, 91.0, 85.0, 73.0, 28.0, 36.0, 65.0, 44.0, 0.0, 22.0, 60.0, 44.0, 55.0, 5.0, 26.0, 91.0, 7.0, 91.0, 8.0, 90.0, 12.0, 90.0, 91.0, 98.0, 32.0, 20.0, 0.0, 81.0, 80.0, 9.0, 4.0, 5.0, 6.0, 58.0, 22.0, 0.0, 40.0]","[0.0, 28.8, 55.11, 68.33, 71.63, 61.93, 80.78, 85.4, 83.7, 84.75, 82.3, 67.57, 74.24, 71.74, 65.46, 75.87, 80.22, 83.98, 87.54, 87.36, 83.32, 79.76, 67.42, 68.12, 70.81, 69.47, 68.53, 60.99, 54.81, 53.62, 50.46, 47.69, 36.75, 40.82, 40.6, 38.51, 35.52, 31.52, 50.71, 45.34, 50.98, 43.76, 46.75, 44.86, 46.22, 63.92, 55.92, 44.43, 41.08, 33.38, 41.66, 39.44, 37.57, 30.61, 27.03, 27.16, 26.77, 22.5, 20.1]"
33,[36],"[0, 34, 52, 53, 25, 48, 20, 24, 23, 19, 21, 18, 28, 27, 30, 26, 33, 37, 35, 51, 39, 41, 40, 38, 29, 46, 43, 22, 47, 56, 32, 31, 17, 13, 5, 49, 45, 58, 3, 2, 12, 1, 50, 15, 59, 54, 55, 57, 8, 7, 42, 4, 6, 9, 16, 14, 10, 11, 44]","[45.0, 91.0, 44.0, 68.0, 55.0, 73.0, 89.0, 88.0, 66.0, 88.0, 82.0, 34.0, 86.0, 84.0, 77.0, 82.0, 73.0, 91.0, 94.0, 85.0, 88.0, 91.0, 87.0, 88.0, 79.0, 28.0, 5.0, 72.0, 65.0, 20.0, 60.0, 22.0, 36.0, 9.0, 5.0, 44.0, 26.0, 0.0, 22.0, 8.0, 40.0, 12.0, 7.0, 6.0, 0.0, 58.0, 0.0, 4.0, 98.0, 91.0, 20.0, 0.0, 90.0, 90.0, 91.0, 91.0, 81.0, 80.0, 32.0]","[85.0, 73.8, 79.68, 74.44, 73.2, 69.82, 72.17, 84.39, 85.5, 81.85, 84.6, 82.94, 81.25, 84.73, 81.13, 77.34, 79.33, 75.06, 78.85, 80.31, 82.42, 78.75, 83.32, 74.11, 77.44, 74.09, 67.4, 65.42, 61.0, 65.35, 64.23, 64.84, 49.08, 45.06, 42.43, 41.01, 37.55, 30.89, 26.13, 22.28, 16.5, 20.4, 15.55, 14.57, 13.12, 12.13, 27.55, 32.43, 20.63, 55.78, 40.72, 39.47, 37.46, 21.34, 34.99, 31.09, 29.27, 34.42, 20.01]"
34,[33],"[0, 56, 34, 53, 35, 51, 41, 40, 39, 6, 11, 38, 37, 16, 14, 10, 4, 43, 52, 46, 32, 29, 1, 59, 9, 50, 17, 28, 30, 27, 26, 23, 20, 19, 24, 21, 22, 18, 49, 13, 31, 2, 36, 48, 47, 45, 25, 7, 8, 57, 15, 58, 5, 3, 54, 42, 55, 12, 44]","[45.0, 20.0, 91.0, 68.0, 94.0, 85.0, 91.0, 87.0, 88.0, 90.0, 80.0, 88.0, 91.0, 91.0, 91.0, 81.0, 0.0, 5.0, 44.0, 28.0, 60.0, 79.0, 12.0, 0.0, 90.0, 7.0, 36.0, 86.0, 77.0, 84.0, 82.0, 66.0, 89.0, 88.0, 88.0, 82.0, 72.0, 34.0, 44.0, 9.0, 22.0, 8.0, 85.0, 73.0, 65.0, 26.0, 55.0, 91.0, 98.0, 4.0, 6.0, 0.0, 5.0, 22.0, 58.0, 20.0, 0.0, 40.0, 32.0]","[73.0, 66.0, 56.18, 72.47, 66.6, 70.1, 76.62, 83.04, 83.67, 73.27, 82.41, 82.97, 83.6, 81.9, 83.82, 83.07, 84.47, 86.21, 72.79, 66.04, 64.75, 66.0, 71.2, 58.95, 63.48, 57.22, 51.87, 49.42, 65.16, 71.97, 75.15, 71.16, 68.53, 74.49, 79.48, 75.3, 76.75, 65.7, 63.83, 54.11, 52.46, 50.51, 56.77, 54.31, 57.66, 52.2, 43.54, 44.61, 51.19, 44.48, 42.55, 39.42, 36.47, 31.0, 33.07, 41.31, 25.35, 19.32, 19.39]"
35,[35],"[0, 56, 34, 53, 33, 51, 41, 40, 39, 10, 11, 38, 37, 6, 16, 14, 46, 4, 9, 43, 50, 1, 52, 29, 59, 28, 27, 26, 30, 23, 20, 19, 22, 24, 17, 21, 18, 49, 58, 36, 48, 47, 2, 45, 31, 25, 5, 8, 7, 57, 42, 3, 15, 54, 13, 44, 55, 12, 32]","[45.0, 20.0, 91.0, 68.0, 73.0, 85.0, 91.0, 87.0, 88.0, 81.0, 80.0, 88.0, 91.0, 90.0, 91.0, 91.0, 28.0, 0.0, 90.0, 5.0, 7.0, 12.0, 44.0, 79.0, 0.0, 86.0, 84.0, 82.0, 77.0, 66.0, 89.0, 88.0, 72.0, 88.0, 36.0, 82.0, 34.0, 44.0, 0.0, 85.0, 73.0, 65.0, 8.0, 26.0, 22.0, 55.0, 5.0, 98.0, 91.0, 4.0, 20.0, 22.0, 6.0, 58.0, 9.0, 32.0, 0.0, 40.0, 60.0]","[94.0, 81.75, 68.19, 80.25, 70.59, 70.25, 74.61, 81.75, 83.57, 73.01, 77.45, 79.75, 81.23, 79.73, 82.83, 82.95, 83.02, 84.15, 82.6, 82.75, 65.74, 61.15, 41.29, 40.52, 58.66, 45.11, 66.83, 76.42, 76.69, 75.55, 70.77, 78.91, 80.91, 78.79, 73.12, 73.21, 65.54, 65.57, 56.31, 61.47, 54.87, 55.13, 53.44, 53.99, 46.44, 45.08, 38.54, 36.45, 64.65, 42.58, 37.4, 34.88, 30.63, 31.14, 28.24, 25.3, 24.08, 19.95, 20.98]"
36,[21],"[0, 18, 19, 24, 23, 20, 51, 22, 39, 40, 57, 41, 47, 33, 35, 37, 38, 28, 26, 30, 29, 27, 36, 48, 46, 53, 34, 56, 31, 52, 45, 17, 49, 1, 25, 3, 58, 5, 32, 2, 43, 13, 12, 59, 54, 42, 55, 8, 7, 50, 4, 6, 11, 10, 16, 9, 14, 15, 44]","[45.0, 34.0, 88.0, 88.0, 66.0, 89.0, 85.0, 72.0, 88.0, 87.0, 4.0, 91.0, 65.0, 73.0, 94.0, 91.0, 88.0, 86.0, 82.0, 77.0, 79.0, 84.0, 85.0, 73.0, 28.0, 68.0, 91.0, 20.0, 22.0, 44.0, 26.0, 36.0, 44.0, 12.0, 55.0, 22.0, 0.0, 5.0, 60.0, 8.0, 5.0, 9.0, 40.0, 0.0, 58.0, 20.0, 0.0, 98.0, 91.0, 7.0, 0.0, 90.0, 80.0, 81.0, 91.0, 90.0, 91.0, 6.0, 32.0]","[82.0, 73.86, 67.3, 82.29, 86.49, 76.56, 73.77, 72.29, 71.66, 78.64, 75.48, 76.49, 82.86, 80.45, 79.49, 84.81, 83.79, 83.17, 83.71, 83.32, 83.18, 81.65, 80.55, 81.5, 78.54, 78.08, 75.98, 69.87, 62.08, 58.36, 55.78, 46.21, 38.34, 37.6, 36.17, 36.89, 32.32, 31.19, 31.17, 26.4, 21.99, 20.82, 16.45, 15.81, 12.13, 31.86, 28.31, 19.86, 52.45, 44.25, 42.43, 36.42, 22.46, 37.93, 46.25, 49.66, 38.97, 24.18, 20.89]"
37,[43],"[0, 3, 13, 28, 30, 26, 27, 20, 23, 24, 19, 21, 22, 18, 51, 29, 35, 56, 34, 53, 33, 41, 40, 39, 36, 37, 48, 38, 46, 47, 52, 17, 49, 45, 25, 31, 5, 32, 1, 58, 2, 12, 59, 50, 15, 54, 42, 55, 57, 8, 7, 6, 4, 16, 9, 14, 10, 11, 44]","[45.0, 22.0, 9.0, 86.0, 77.0, 82.0, 84.0, 89.0, 66.0, 88.0, 88.0, 82.0, 72.0, 34.0, 85.0, 79.0, 94.0, 20.0, 91.0, 68.0, 73.0, 91.0, 87.0, 88.0, 85.0, 91.0, 73.0, 88.0, 28.0, 65.0, 44.0, 36.0, 44.0, 26.0, 55.0, 22.0, 5.0, 60.0, 12.0, 0.0, 8.0, 40.0, 0.0, 7.0, 6.0, 58.0, 20.0, 0.0, 4.0, 98.0, 91.0, 90.0, 0.0, 91.0, 90.0, 91.0, 81.0, 80.0, 32.0]","[5.0, 34.2, 32.45, 28.94, 59.98, 70.37, 79.61, 75.5, 82.64, 80.42, 83.9, 75.86, 73.77, 71.2, 70.61, 67.32, 61.4, 75.44, 69.4, 79.21, 77.88, 71.73, 82.33, 76.34, 60.38, 58.7, 68.59, 75.42, 70.86, 60.48, 60.1, 56.36, 43.89, 43.4, 38.64, 41.58, 30.79, 29.62, 29.49, 26.86, 24.83, 17.32, 20.92, 13.8, 12.63, 13.52, 24.86, 27.88, 30.29, 16.27, 48.94, 36.78, 33.18, 17.4, 40.39, 34.91, 27.37, 31.04, 19.86]"
38,[40],"[0, 39, 41, 37, 38, 43, 26, 30, 23, 28, 27, 51, 35, 56, 33, 53, 29, 24, 20, 19, 21, 22, 36, 34, 17, 46, 48, 25, 31, 18, 47, 52, 1, 49, 45, 3, 58, 5, 32, 13, 2, 59, 54, 42, 8, 7, 50, 4, 57, 6, 9, 16, 11, 10, 14, 55, 15, 44, 12]","[45.0, 88.0, 91.0, 91.0, 88.0, 5.0, 82.0, 77.0, 66.0, 86.0, 84.0, 85.0, 94.0, 20.0, 73.0, 68.0, 79.0, 88.0, 89.0, 88.0, 82.0, 72.0, 85.0, 91.0, 36.0, 28.0, 73.0, 55.0, 22.0, 34.0, 65.0, 44.0, 12.0, 44.0, 26.0, 22.0, 0.0, 5.0, 60.0, 9.0, 8.0, 0.0, 58.0, 20.0, 98.0, 91.0, 7.0, 0.0, 4.0, 90.0, 90.0, 91.0, 80.0, 81.0, 91.0, 0.0, 6.0, 32.0, 40.0]","[87.0, 77.76, 84.84, 85.66, 89.07, 87.53, 86.04, 83.64, 83.26, 78.65, 80.35, 78.23, 77.84, 78.87, 81.74, 81.14, 73.55, 72.85, 81.14, 82.34, 76.91, 77.81, 73.24, 73.59, 74.71, 78.58, 71.58, 63.34, 59.01, 56.35, 56.26, 56.02, 41.96, 38.43, 37.02, 35.64, 32.28, 32.05, 28.65, 28.19, 20.84, 16.96, 15.03, 30.62, 24.96, 66.71, 41.85, 52.81, 30.53, 37.32, 25.6, 37.24, 28.68, 40.04, 37.93, 26.32, 23.42, 20.17, 18.5]"
39,[13],"[0, 26, 30, 27, 28, 24, 20, 19, 23, 21, 18, 51, 29, 22, 38, 37, 35, 41, 39, 40, 33, 45, 56, 53, 34, 36, 48, 46, 17, 47, 52, 57, 25, 31, 49, 3, 5, 32, 1, 58, 2, 54, 42, 7, 8, 6, 50, 4, 44, 43, 59, 55, 12, 11, 10, 16, 9, 14, 15]","[45.0, 82.0, 77.0, 84.0, 86.0, 88.0, 89.0, 88.0, 66.0, 82.0, 34.0, 85.0, 79.0, 72.0, 88.0, 91.0, 94.0, 91.0, 88.0, 87.0, 73.0, 26.0, 20.0, 68.0, 91.0, 85.0, 73.0, 28.0, 36.0, 65.0, 44.0, 4.0, 55.0, 22.0, 44.0, 22.0, 5.0, 60.0, 12.0, 0.0, 8.0, 58.0, 20.0, 91.0, 98.0, 90.0, 7.0, 0.0, 32.0, 5.0, 0.0, 0.0, 40.0, 80.0, 81.0, 91.0, 90.0, 91.0, 6.0]","[9.0, 34.92, 65.81, 74.42, 71.95, 73.91, 83.16, 85.02, 86.91, 86.42, 82.68, 68.74, 68.56, 71.31, 67.13, 78.05, 81.85, 84.12, 86.5, 86.93, 84.22, 81.34, 81.82, 71.67, 71.63, 71.03, 68.93, 68.75, 58.36, 54.71, 54.6, 51.46, 42.45, 45.16, 34.99, 35.64, 29.95, 27.85, 31.76, 28.11, 22.78, 20.71, 43.05, 28.48, 53.02, 45.96, 50.2, 40.87, 29.53, 30.02, 26.53, 22.2, 18.99, 19.87, 44.61, 46.1, 52.32, 43.9, 24.94]"
40,[29],"[0, 17, 14, 16, 46, 13, 59, 44, 28, 53, 34, 31, 38, 37, 26, 27, 30, 35, 23, 4, 41, 33, 45, 20, 19, 39, 40, 51, 56, 24, 21, 22, 36, 48, 18, 6, 9, 1, 50, 11, 52, 49, 47, 57, 10, 7, 8, 25, 2, 15, 43, 5, 58, 3, 54, 42, 55, 12, 32]","[45.0, 36.0, 91.0, 91.0, 28.0, 9.0, 0.0, 32.0, 86.0, 68.0, 91.0, 22.0, 88.0, 91.0, 82.0, 84.0, 77.0, 94.0, 66.0, 0.0, 91.0, 73.0, 26.0, 89.0, 88.0, 88.0, 87.0, 85.0, 20.0, 88.0, 82.0, 72.0, 85.0, 73.0, 34.0, 90.0, 90.0, 12.0, 7.0, 80.0, 44.0, 44.0, 65.0, 4.0, 81.0, 91.0, 98.0, 55.0, 8.0, 6.0, 5.0, 5.0, 0.0, 22.0, 58.0, 20.0, 0.0, 40.0, 60.0]","[79.0, 68.12, 58.0, 78.68, 75.2, 72.34, 65.34, 68.2, 51.8, 58.62, 65.0, 62.57, 61.64, 73.87, 81.97, 83.56, 81.28, 75.79, 73.78, 71.69, 71.23, 72.68, 69.9, 69.12, 71.31, 78.21, 79.91, 81.74, 73.2, 68.52, 64.03, 77.54, 62.24, 61.48, 62.97, 58.6, 65.87, 67.38, 61.46, 56.83, 51.57, 54.26, 52.1, 51.35, 48.53, 49.87, 61.98, 52.84, 48.4, 38.2, 36.06, 41.46, 32.84, 29.58, 31.89, 40.81, 22.3, 20.85, 13.95]"
41,[24],"[0, 18, 19, 23, 51, 20, 21, 56, 28, 30, 27, 26, 22, 29, 46, 17, 31, 57, 12, 2, 48, 36, 34, 35, 53, 33, 41, 40, 39, 38, 37, 47, 52, 45, 49, 3, 25, 32, 13, 5, 1, 58, 44, 42, 43, 59, 15, 16, 9, 50, 10, 6, 14, 11, 7, 8, 4, 54, 55]","[45.0, 34.0, 88.0, 66.0, 85.0, 89.0, 82.0, 20.0, 86.0, 77.0, 84.0, 82.0, 72.0, 79.0, 28.0, 36.0, 22.0, 4.0, 40.0, 8.0, 73.0, 85.0, 91.0, 94.0, 68.0, 73.0, 91.0, 87.0, 88.0, 88.0, 91.0, 65.0, 44.0, 26.0, 44.0, 22.0, 55.0, 60.0, 9.0, 5.0, 12.0, 0.0, 32.0, 20.0, 5.0, 0.0, 6.0, 91.0, 90.0, 7.0, 81.0, 90.0, 91.0, 80.0, 91.0, 98.0, 0.0, 58.0, 0.0]","[88.0, 78.54, 73.54, 84.44, 77.53, 74.98, 74.74, 73.34, 76.95, 80.65, 82.03, 82.98, 73.61, 75.49, 56.81, 48.77, 43.79, 37.48, 36.5, 37.24, 35.89, 44.58, 56.25, 64.3, 74.45, 70.55, 70.23, 81.06, 78.41, 67.79, 69.36, 58.65, 56.79, 46.81, 38.84, 38.17, 34.97, 33.89, 38.01, 36.48, 29.93, 27.49, 22.27, 28.03, 26.99, 21.25, 19.87, 16.92, 42.69, 62.33, 44.14, 52.57, 39.88, 49.76, 30.24, 46.36, 56.27, 26.64, 23.43]"
42,[40],"[0, 39, 41, 37, 38, 43, 26, 30, 23, 28, 27, 51, 35, 56, 33, 53, 29, 24, 20, 19, 21, 22, 36, 34, 17, 46, 48, 25, 31, 18, 47, 52, 1, 49, 45, 3, 58, 5, 32, 13, 2, 59, 54, 42, 8, 7, 50, 4, 57, 6, 9, 16, 11, 10, 14, 55, 15, 44, 12]","[45.0, 88.0, 91.0, 91.0, 88.0, 5.0, 82.0, 77.0, 66.0, 86.0, 84.0, 85.0, 94.0, 20.0, 73.0, 68.0, 79.0, 88.0, 89.0, 88.0, 82.0, 72.0, 85.0, 91.0, 36.0, 28.0, 73.0, 55.0, 22.0, 34.0, 65.0, 44.0, 12.0, 44.0, 26.0, 22.0, 0.0, 5.0, 60.0, 9.0, 8.0, 0.0, 58.0, 20.0, 98.0, 91.0, 7.0, 0.0, 4.0, 90.0, 90.0, 91.0, 80.0, 81.0, 91.0, 0.0, 6.0, 32.0, 40.0]","[87.0, 77.76, 84.84, 85.66, 89.07, 87.53, 86.04, 83.64, 83.26, 78.65, 80.35, 78.23, 77.84, 78.87, 81.74, 81.14, 73.55, 72.85, 81.14, 82.34, 76.91, 77.81, 73.24, 73.59, 74.71, 78.58, 71.58, 63.34, 59.01, 56.35, 56.26, 56.02, 41.96, 38.43, 37.02, 35.64, 32.28, 32.05, 28.65, 28.19, 20.84, 16.96, 15.03, 30.62, 24.96, 66.71, 41.85, 52.81, 30.53, 37.32, 25.6, 37.24, 28.68, 40.04, 37.93, 26.32, 23.42, 20.17, 18.5]"
43,[2],"[0, 26, 30, 27, 28, 24, 20, 19, 23, 21, 18, 51, 29, 22, 38, 37, 35, 41, 39, 40, 33, 45, 56, 53, 34, 36, 48, 46, 17, 47, 52, 57, 25, 31, 49, 3, 32, 13, 5, 1, 58, 54, 42, 8, 7, 50, 4, 6, 44, 43, 55, 11, 10, 16, 9, 14, 59, 15, 12]","[45.0, 82.0, 77.0, 84.0, 86.0, 88.0, 89.0, 88.0, 66.0, 82.0, 34.0, 85.0, 79.0, 72.0, 88.0, 91.0, 94.0, 91.0, 88.0, 87.0, 73.0, 26.0, 20.0, 68.0, 91.0, 85.0, 73.0, 28.0, 36.0, 65.0, 44.0, 4.0, 55.0, 22.0, 44.0, 22.0, 60.0, 9.0, 5.0, 12.0, 0.0, 58.0, 20.0, 98.0, 91.0, 7.0, 0.0, 90.0, 32.0, 5.0, 0.0, 80.0, 81.0, 91.0, 90.0, 91.0, 0.0, 6.0, 40.0]","[8.0, 30.94, 64.61, 72.28, 72.59, 70.79, 82.78, 85.01, 86.93, 84.43, 81.87, 72.56, 69.86, 71.78, 67.2, 78.05, 81.04, 84.1, 86.5, 86.93, 84.2, 80.56, 82.28, 71.23, 73.25, 69.13, 70.9, 71.17, 57.6, 56.2, 55.61, 54.89, 42.43, 46.79, 35.62, 34.98, 31.6, 35.27, 28.25, 25.95, 23.31, 22.08, 40.7, 29.96, 64.55, 45.79, 46.6, 43.31, 31.82, 31.17, 27.42, 22.68, 37.45, 40.12, 51.26, 39.18, 25.84, 23.27, 21.96]"
44,[26],"[0, 18, 30, 28, 27, 23, 20, 19, 24, 51, 37, 38, 36, 53, 52, 35, 39, 41, 40, 48, 33, 43, 34, 29, 46, 47, 56, 32, 31, 2, 25, 17, 49, 21, 22, 45, 58, 5, 3, 13, 59, 1, 12, 50, 16, 4, 9, 6, 10, 11, 14, 7, 8, 15, 57, 54, 42, 55, 44]","[45.0, 34.0, 77.0, 86.0, 84.0, 66.0, 89.0, 88.0, 88.0, 85.0, 91.0, 88.0, 85.0, 68.0, 44.0, 94.0, 88.0, 91.0, 87.0, 73.0, 73.0, 5.0, 91.0, 79.0, 28.0, 65.0, 20.0, 60.0, 22.0, 8.0, 55.0, 36.0, 44.0, 82.0, 72.0, 26.0, 0.0, 5.0, 22.0, 9.0, 0.0, 12.0, 40.0, 7.0, 91.0, 0.0, 90.0, 90.0, 81.0, 80.0, 91.0, 91.0, 98.0, 6.0, 4.0, 58.0, 20.0, 0.0, 32.0]","[82.0, 72.38, 69.03, 72.68, 78.61, 67.43, 68.42, 78.78, 83.68, 70.04, 71.35, 80.8, 81.23, 83.35, 79.44, 79.52, 84.97, 84.38, 86.8, 82.49, 79.63, 77.42, 73.9, 75.73, 68.05, 65.54, 64.71, 61.78, 63.71, 52.06, 48.38, 46.05, 36.8, 38.96, 63.28, 45.59, 38.12, 35.79, 26.84, 22.8, 19.78, 18.02, 19.07, 16.32, 15.01, 30.36, 24.43, 38.78, 48.39, 40.43, 42.87, 25.33, 54.87, 36.26, 36.34, 26.81, 40.64, 20.07, 18.53]"
45,[17],"[0, 3, 26, 27, 30, 28, 20, 19, 24, 23, 21, 22, 37, 38, 52, 41, 35, 33, 39, 40, 51, 29, 45, 56, 57, 53, 34, 36, 48, 46, 18, 47, 32, 31, 25, 13, 49, 5, 1, 54, 42, 8, 7, 6, 50, 4, 2, 44, 43, 55, 58, 12, 59, 16, 9, 14, 11, 10, 15]","[45.0, 22.0, 82.0, 84.0, 77.0, 86.0, 89.0, 88.0, 88.0, 66.0, 82.0, 72.0, 91.0, 88.0, 44.0, 91.0, 94.0, 73.0, 88.0, 87.0, 85.0, 79.0, 26.0, 20.0, 4.0, 68.0, 91.0, 85.0, 73.0, 28.0, 34.0, 65.0, 60.0, 22.0, 55.0, 9.0, 44.0, 5.0, 12.0, 58.0, 20.0, 98.0, 91.0, 90.0, 7.0, 0.0, 8.0, 32.0, 5.0, 0.0, 0.0, 40.0, 0.0, 91.0, 90.0, 91.0, 80.0, 81.0, 6.0]","[36.0, 41.94, 38.12, 67.39, 77.75, 77.32, 68.79, 80.63, 85.72, 80.6, 71.37, 74.49, 67.26, 71.68, 77.37, 74.94, 82.93, 84.57, 83.07, 85.22, 82.28, 76.79, 80.03, 75.9, 64.8, 69.55, 71.78, 67.86, 71.57, 67.62, 61.26, 53.41, 46.05, 51.63, 40.42, 41.92, 37.31, 34.08, 29.25, 24.91, 41.23, 29.72, 60.15, 45.87, 52.19, 54.64, 33.34, 30.75, 31.92, 30.36, 25.45, 21.78, 23.45, 21.26, 41.71, 36.36, 34.48, 55.16, 26.9]"
46,[56],"[0, 3, 2, 26, 30, 27, 28, 24, 20, 23, 19, 21, 18, 22, 51, 29, 17, 35, 41, 40, 39, 33, 53, 34, 48, 37, 38, 46, 36, 47, 52, 57, 25, 49, 45, 31, 32, 13, 59, 1, 5, 58, 50, 44, 43, 42, 54, 55, 8, 7, 4, 6, 11, 16, 9, 10, 14, 12, 15]","[45.0, 22.0, 8.0, 82.0, 77.0, 84.0, 86.0, 88.0, 89.0, 66.0, 88.0, 82.0, 34.0, 72.0, 85.0, 79.0, 36.0, 94.0, 91.0, 87.0, 88.0, 73.0, 68.0, 91.0, 73.0, 91.0, 88.0, 28.0, 85.0, 65.0, 44.0, 4.0, 55.0, 44.0, 26.0, 22.0, 60.0, 9.0, 0.0, 12.0, 5.0, 0.0, 7.0, 32.0, 5.0, 20.0, 58.0, 0.0, 98.0, 91.0, 0.0, 90.0, 80.0, 91.0, 90.0, 81.0, 91.0, 40.0, 6.0]","[20.0, 38.0, 35.75, 28.02, 64.23, 72.17, 77.63, 64.06, 81.4, 84.65, 82.51, 83.08, 82.08, 73.64, 71.21, 70.58, 47.32, 43.64, 70.2, 81.0, 78.79, 71.87, 72.98, 69.6, 69.11, 74.33, 79.39, 74.33, 73.24, 62.96, 60.5, 50.74, 51.25, 49.68, 48.05, 42.6, 27.99, 34.19, 29.79, 26.17, 23.01, 22.58, 21.71, 16.5, 25.35, 20.48, 17.77, 25.28, 21.37, 53.19, 51.95, 48.18, 20.3, 30.91, 49.97, 48.72, 37.15, 21.85, 23.67]"
47,[22],"[0, 18, 21, 19, 23, 24, 20, 51, 39, 40, 57, 41, 47, 33, 35, 37, 38, 29, 28, 27, 30, 26, 48, 36, 46, 53, 34, 52, 32, 31, 56, 17, 45, 25, 12, 1, 49, 5, 13, 3, 54, 42, 55, 58, 7, 8, 4, 6, 50, 2, 44, 43, 11, 10, 9, 16, 14, 59, 15]","[45.0, 34.0, 82.0, 88.0, 66.0, 88.0, 89.0, 85.0, 88.0, 87.0, 4.0, 91.0, 65.0, 73.0, 94.0, 91.0, 88.0, 79.0, 86.0, 84.0, 77.0, 82.0, 73.0, 85.0, 28.0, 68.0, 91.0, 44.0, 60.0, 22.0, 20.0, 36.0, 26.0, 55.0, 40.0, 12.0, 44.0, 5.0, 9.0, 22.0, 58.0, 20.0, 0.0, 0.0, 91.0, 98.0, 0.0, 90.0, 7.0, 8.0, 32.0, 5.0, 80.0, 81.0, 90.0, 91.0, 91.0, 0.0, 6.0]","[72.0, 65.79, 57.19, 69.43, 78.85, 75.52, 76.94, 71.89, 73.68, 79.02, 78.0, 77.11, 83.22, 81.14, 79.99, 84.27, 83.3, 85.42, 81.44, 84.07, 83.39, 82.1, 81.47, 78.19, 78.36, 77.85, 74.55, 69.5, 59.9, 62.65, 62.9, 56.44, 52.09, 47.4, 45.65, 46.69, 42.99, 42.78, 33.61, 34.6, 26.2, 41.42, 32.28, 29.66, 27.81, 53.61, 50.38, 47.21, 42.15, 37.07, 29.95, 30.34, 30.5, 38.63, 37.82, 56.9, 39.21, 28.74, 30.38]"
48,[35],"[0, 56, 34, 53, 33, 51, 41, 40, 39, 10, 11, 38, 37, 6, 16, 14, 46, 4, 9, 43, 50, 1, 52, 29, 59, 28, 27, 26, 30, 23, 20, 19, 22, 24, 17, 21, 18, 49, 58, 36, 48, 47, 2, 45, 31, 25, 5, 8, 7, 57, 42, 3, 15, 54, 13, 44, 55, 12, 32]","[45.0, 20.0, 91.0, 68.0, 73.0, 85.0, 91.0, 87.0, 88.0, 81.0, 80.0, 88.0, 91.0, 90.0, 91.0, 91.0, 28.0, 0.0, 90.0, 5.0, 7.0, 12.0, 44.0, 79.0, 0.0, 86.0, 84.0, 82.0, 77.0, 66.0, 89.0, 88.0, 72.0, 88.0, 36.0, 82.0, 34.0, 44.0, 0.0, 85.0, 73.0, 65.0, 8.0, 26.0, 22.0, 55.0, 5.0, 98.0, 91.0, 4.0, 20.0, 22.0, 6.0, 58.0, 9.0, 32.0, 0.0, 40.0, 60.0]","[94.0, 81.75, 68.19, 80.25, 70.59, 70.25, 74.61, 81.75, 83.57, 73.01, 77.45, 79.75, 81.23, 79.73, 82.83, 82.95, 83.02, 84.15, 82.6, 82.75, 65.74, 61.15, 41.29, 40.52, 58.66, 45.11, 66.83, 76.42, 76.69, 75.55, 70.77, 78.91, 80.91, 78.79, 73.12, 73.21, 65.54, 65.57, 56.31, 61.47, 54.87, 55.13, 53.44, 53.99, 46.44, 45.08, 38.54, 36.45, 64.65, 42.58, 37.4, 34.88, 30.63, 31.14, 28.24, 25.3, 24.08, 19.95, 20.98]"
49,[4],"[0, 28, 30, 27, 26, 24, 20, 23, 19, 21, 18, 51, 29, 22, 38, 37, 35, 41, 39, 40, 33, 56, 53, 34, 36, 48, 46, 17, 47, 52, 58, 31, 32, 49, 25, 5, 45, 14, 50, 16, 2, 6, 1, 9, 7, 8, 44, 42, 59, 10, 11, 13, 57, 43, 15, 54, 3, 55, 12]","[45.0, 86.0, 77.0, 84.0, 82.0, 88.0, 89.0, 66.0, 88.0, 82.0, 34.0, 85.0, 79.0, 72.0, 88.0, 91.0, 94.0, 91.0, 88.0, 87.0, 73.0, 20.0, 68.0, 91.0, 85.0, 73.0, 28.0, 36.0, 65.0, 44.0, 0.0, 22.0, 60.0, 44.0, 55.0, 5.0, 26.0, 91.0, 7.0, 91.0, 8.0, 90.0, 12.0, 90.0, 91.0, 98.0, 32.0, 20.0, 0.0, 81.0, 80.0, 9.0, 4.0, 5.0, 6.0, 58.0, 22.0, 0.0, 40.0]","[0.0, 28.8, 55.11, 68.33, 71.63, 61.93, 80.78, 85.4, 83.7, 84.75, 82.3, 67.57, 74.24, 71.74, 65.46, 75.87, 80.22, 83.98, 87.54, 87.36, 83.32, 79.76, 67.42, 68.12, 70.81, 69.47, 68.53, 60.99, 54.81, 53.62, 50.46, 47.69, 36.75, 40.82, 40.6, 38.51, 35.52, 31.52, 50.71, 45.34, 50.98, 43.76, 46.75, 44.86, 46.22, 63.92, 55.92, 44.43, 41.08, 33.38, 41.66, 39.44, 37.57, 30.61, 27.03, 27.16, 26.77, 22.5, 20.1]"
50,[31],"[0, 26, 27, 30, 21, 18, 28, 19, 20, 23, 24, 51, 29, 22, 38, 37, 35, 39, 41, 40, 45, 33, 48, 52, 46, 56, 34, 53, 36, 17, 47, 57, 25, 49, 3, 32, 13, 1, 5, 2, 58, 43, 12, 59, 15, 54, 42, 55, 8, 7, 6, 50, 4, 16, 9, 14, 10, 11, 44]","[45.0, 82.0, 84.0, 77.0, 82.0, 34.0, 86.0, 88.0, 89.0, 66.0, 88.0, 85.0, 79.0, 72.0, 88.0, 91.0, 94.0, 88.0, 91.0, 87.0, 26.0, 73.0, 73.0, 44.0, 28.0, 20.0, 91.0, 68.0, 85.0, 36.0, 65.0, 4.0, 55.0, 44.0, 22.0, 60.0, 9.0, 12.0, 5.0, 8.0, 0.0, 5.0, 40.0, 0.0, 6.0, 58.0, 20.0, 0.0, 98.0, 91.0, 90.0, 7.0, 0.0, 91.0, 90.0, 91.0, 81.0, 80.0, 32.0]","[22.0, 36.26, 65.92, 77.77, 72.31, 79.93, 76.74, 75.59, 83.78, 85.76, 82.68, 67.06, 70.84, 73.69, 64.49, 77.84, 80.3, 87.02, 86.69, 88.34, 83.19, 83.41, 82.72, 80.58, 70.63, 66.92, 65.1, 68.29, 74.27, 57.86, 58.05, 50.94, 40.64, 40.98, 39.76, 36.85, 42.02, 36.43, 30.12, 24.06, 25.95, 20.38, 18.2, 15.74, 15.0, 12.02, 26.53, 27.82, 20.69, 62.54, 46.92, 43.81, 43.95, 19.51, 46.41, 31.15, 25.69, 30.45, 18.59]"
51,[15],"[0, 28, 30, 27, 26, 24, 20, 19, 21, 23, 18, 51, 29, 22, 38, 37, 35, 41, 39, 40, 33, 56, 53, 36, 34, 48, 32, 46, 31, 1, 47, 52, 17, 25, 45, 59, 49, 58, 2, 5, 54, 42, 57, 8, 7, 50, 4, 6, 44, 3, 43, 13, 9, 16, 14, 10, 11, 55, 12]","[45.0, 86.0, 77.0, 84.0, 82.0, 88.0, 89.0, 88.0, 82.0, 66.0, 34.0, 85.0, 79.0, 72.0, 88.0, 91.0, 94.0, 91.0, 88.0, 87.0, 73.0, 20.0, 68.0, 85.0, 91.0, 73.0, 60.0, 28.0, 22.0, 12.0, 65.0, 44.0, 36.0, 55.0, 26.0, 0.0, 44.0, 0.0, 8.0, 5.0, 58.0, 20.0, 4.0, 98.0, 91.0, 7.0, 0.0, 90.0, 32.0, 22.0, 5.0, 9.0, 90.0, 91.0, 91.0, 81.0, 80.0, 0.0, 40.0]","[6.0, 31.35, 59.32, 70.58, 70.81, 68.18, 81.53, 85.63, 86.19, 85.35, 82.44, 69.12, 72.09, 73.96, 67.04, 77.12, 81.08, 84.71, 88.35, 87.62, 83.53, 79.13, 71.9, 72.49, 74.29, 68.43, 63.13, 61.97, 61.53, 56.63, 53.71, 56.77, 56.62, 49.69, 47.24, 36.62, 36.27, 33.13, 31.97, 26.65, 25.5, 43.14, 36.95, 27.54, 59.82, 46.66, 44.65, 40.98, 27.52, 28.15, 29.31, 25.14, 22.56, 40.67, 33.86, 28.39, 31.31, 22.47, 18.59]"
52,[17],"[0, 3, 26, 27, 30, 28, 20, 19, 24, 23, 21, 22, 37, 38, 52, 41, 35, 33, 39, 40, 51, 29, 45, 56, 57, 53, 34, 36, 48, 46, 18, 47, 32, 31, 25, 13, 49, 5, 1, 54, 42, 8, 7, 6, 50, 4, 2, 44, 43, 55, 58, 12, 59, 16, 9, 14, 11, 10, 15]","[45.0, 22.0, 82.0, 84.0, 77.0, 86.0, 89.0, 88.0, 88.0, 66.0, 82.0, 72.0, 91.0, 88.0, 44.0, 91.0, 94.0, 73.0, 88.0, 87.0, 85.0, 79.0, 26.0, 20.0, 4.0, 68.0, 91.0, 85.0, 73.0, 28.0, 34.0, 65.0, 60.0, 22.0, 55.0, 9.0, 44.0, 5.0, 12.0, 58.0, 20.0, 98.0, 91.0, 90.0, 7.0, 0.0, 8.0, 32.0, 5.0, 0.0, 0.0, 40.0, 0.0, 91.0, 90.0, 91.0, 80.0, 81.0, 6.0]","[36.0, 41.94, 38.12, 67.39, 77.75, 77.32, 68.79, 80.63, 85.72, 80.6, 71.37, 74.49, 67.26, 71.68, 77.37, 74.94, 82.93, 84.57, 83.07, 85.22, 82.28, 76.79, 80.03, 75.9, 64.8, 69.55, 71.78, 67.86, 71.57, 67.62, 61.26, 53.41, 46.05, 51.63, 40.42, 41.92, 37.31, 34.08, 29.25, 24.91, 41.23, 29.72, 60.15, 45.87, 52.19, 54.64, 33.34, 30.75, 31.92, 30.36, 25.45, 21.78, 23.45, 21.26, 41.71, 36.36, 34.48, 55.16, 26.9]"
53,[39],"[0, 40, 41, 37, 38, 43, 26, 51, 23, 27, 30, 28, 56, 20, 19, 24, 29, 21, 22, 35, 33, 53, 36, 34, 17, 46, 48, 25, 4, 47, 52, 32, 31, 18, 12, 1, 49, 5, 13, 3, 45, 58, 2, 54, 42, 57, 55, 8, 7, 6, 50, 59, 10, 9, 16, 14, 11, 15, 44]","[45.0, 87.0, 91.0, 91.0, 88.0, 5.0, 82.0, 85.0, 66.0, 84.0, 77.0, 86.0, 20.0, 89.0, 88.0, 88.0, 79.0, 82.0, 72.0, 94.0, 73.0, 68.0, 85.0, 91.0, 36.0, 28.0, 73.0, 55.0, 0.0, 65.0, 44.0, 60.0, 22.0, 34.0, 40.0, 12.0, 44.0, 5.0, 9.0, 22.0, 26.0, 0.0, 8.0, 58.0, 20.0, 4.0, 0.0, 98.0, 91.0, 90.0, 7.0, 0.0, 81.0, 90.0, 91.0, 91.0, 80.0, 6.0, 32.0]","[88.0, 78.54, 84.9, 85.74, 88.99, 87.53, 86.14, 84.41, 84.51, 79.66, 82.5, 81.55, 76.81, 72.33, 77.01, 81.22, 82.24, 81.93, 83.23, 76.47, 79.16, 77.77, 75.31, 72.76, 73.89, 73.78, 68.48, 61.54, 57.58, 56.44, 59.5, 58.41, 61.84, 56.01, 41.56, 42.97, 38.45, 39.0, 37.44, 33.96, 34.17, 29.66, 21.01, 15.28, 29.69, 27.52, 28.95, 20.23, 48.84, 43.6, 46.91, 26.31, 22.25, 38.63, 42.55, 38.34, 38.23, 21.81, 20.73]"
54,[58],"[0, 3, 2, 46, 28, 30, 26, 27, 23, 20, 19, 24, 21, 22, 18, 51, 29, 36, 53, 37, 38, 35, 41, 40, 39, 33, 48, 34, 47, 52, 56, 17, 25, 49, 45, 31, 5, 50, 32, 13, 43, 1, 12, 59, 15, 54, 42, 55, 57, 8, 7, 6, 4, 44, 16, 9, 14, 10, 11]","[45.0, 22.0, 8.0, 28.0, 86.0, 77.0, 82.0, 84.0, 66.0, 89.0, 88.0, 88.0, 82.0, 72.0, 34.0, 85.0, 79.0, 85.0, 68.0, 91.0, 88.0, 94.0, 91.0, 87.0, 88.0, 73.0, 73.0, 91.0, 65.0, 44.0, 20.0, 36.0, 55.0, 44.0, 26.0, 22.0, 5.0, 7.0, 60.0, 9.0, 5.0, 12.0, 40.0, 0.0, 6.0, 58.0, 20.0, 0.0, 4.0, 98.0, 91.0, 90.0, 0.0, 32.0, 91.0, 90.0, 91.0, 81.0, 80.0]","[0.0, 32.85, 32.06, 26.8, 27.99, 59.67, 67.74, 77.89, 61.52, 66.81, 77.25, 74.16, 71.35, 78.13, 72.34, 69.91, 72.57, 45.93, 71.88, 73.8, 76.61, 79.7, 81.12, 85.43, 85.49, 84.27, 82.63, 75.54, 73.49, 69.54, 59.29, 60.2, 51.42, 48.9, 45.59, 44.54, 32.22, 29.19, 26.91, 24.45, 23.29, 16.48, 17.56, 16.06, 16.27, 14.93, 25.97, 28.26, 28.1, 16.14, 47.42, 41.95, 33.53, 18.23, 19.5, 44.64, 32.6, 36.32, 33.84]"
55,[5],"[0, 28, 30, 27, 26, 24, 20, 19, 21, 18, 23, 22, 29, 51, 38, 37, 35, 41, 39, 40, 33, 56, 53, 34, 48, 36, 47, 52, 46, 17, 49, 45, 57, 32, 31, 1, 25, 13, 3, 58, 43, 12, 2, 59, 54, 42, 55, 8, 7, 50, 4, 6, 11, 10, 16, 9, 14, 15, 44]","[45.0, 86.0, 77.0, 84.0, 82.0, 88.0, 89.0, 88.0, 82.0, 34.0, 66.0, 72.0, 79.0, 85.0, 88.0, 91.0, 94.0, 91.0, 88.0, 87.0, 73.0, 20.0, 68.0, 91.0, 73.0, 85.0, 65.0, 44.0, 28.0, 36.0, 44.0, 26.0, 4.0, 60.0, 22.0, 12.0, 55.0, 9.0, 22.0, 0.0, 5.0, 40.0, 8.0, 0.0, 58.0, 20.0, 0.0, 98.0, 91.0, 7.0, 0.0, 90.0, 80.0, 81.0, 91.0, 90.0, 91.0, 6.0, 32.0]","[5.0, 30.2, 59.53, 70.1, 71.08, 65.72, 82.15, 85.56, 83.7, 82.35, 86.05, 65.43, 67.41, 71.91, 64.16, 78.16, 81.68, 87.37, 88.93, 88.98, 83.7, 80.29, 69.15, 71.91, 67.95, 74.74, 70.11, 68.45, 63.91, 62.99, 54.0, 53.14, 47.29, 45.02, 51.29, 39.62, 40.71, 35.34, 25.59, 26.04, 22.6, 22.14, 22.29, 18.91, 13.97, 28.24, 29.2, 20.33, 54.59, 41.89, 48.47, 39.71, 21.4, 32.53, 44.77, 44.38, 42.89, 25.84, 22.04]"
56,[54],"[0, 45, 42, 58, 55, 29, 28, 30, 27, 26, 20, 23, 19, 21, 22, 24, 18, 51, 35, 37, 33, 39, 38, 41, 40, 48, 53, 56, 36, 34, 46, 47, 32, 31, 52, 25, 17, 5, 49, 1, 57, 7, 8, 6, 2, 50, 4, 44, 43, 14, 59, 16, 10, 13, 9, 3, 11, 15, 12]","[45.0, 26.0, 20.0, 0.0, 0.0, 79.0, 86.0, 77.0, 84.0, 82.0, 89.0, 66.0, 88.0, 82.0, 72.0, 88.0, 34.0, 85.0, 94.0, 91.0, 73.0, 88.0, 88.0, 91.0, 87.0, 73.0, 68.0, 20.0, 85.0, 91.0, 28.0, 65.0, 60.0, 22.0, 44.0, 55.0, 36.0, 5.0, 44.0, 12.0, 4.0, 91.0, 98.0, 90.0, 8.0, 7.0, 0.0, 32.0, 5.0, 91.0, 0.0, 91.0, 81.0, 9.0, 90.0, 22.0, 80.0, 6.0, 40.0]","[58.0, 53.84, 48.74, 45.68, 40.05, 40.32, 57.05, 64.55, 75.39, 75.75, 69.63, 79.68, 76.7, 79.8, 82.03, 78.45, 73.5, 75.32, 57.21, 75.63, 85.29, 81.96, 84.11, 83.89, 88.37, 87.01, 82.5, 79.64, 78.94, 77.15, 73.04, 61.35, 60.73, 63.04, 57.99, 53.58, 51.7, 45.28, 45.31, 41.19, 33.97, 36.59, 57.98, 57.77, 50.82, 46.87, 38.21, 29.96, 30.35, 28.27, 31.62, 29.17, 37.05, 41.09, 45.49, 35.04, 33.52, 23.48, 17.5]"
57,[2],"[0, 26, 30, 27, 28, 24, 20, 19, 23, 21, 18, 51, 29, 22, 38, 37, 35, 41, 39, 40, 33, 45, 56, 53, 34, 36, 48, 46, 17, 47, 52, 57, 25, 31, 49, 3, 32, 13, 5, 1, 58, 54, 42, 8, 7, 50, 4, 6, 44, 43, 55, 11, 10, 16, 9, 14, 59, 15, 12]","[45.0, 82.0, 77.0, 84.0, 86.0, 88.0, 89.0, 88.0, 66.0, 82.0, 34.0, 85.0, 79.0, 72.0, 88.0, 91.0, 94.0, 91.0, 88.0, 87.0, 73.0, 26.0, 20.0, 68.0, 91.0, 85.0, 73.0, 28.0, 36.0, 65.0, 44.0, 4.0, 55.0, 22.0, 44.0, 22.0, 60.0, 9.0, 5.0, 12.0, 0.0, 58.0, 20.0, 98.0, 91.0, 7.0, 0.0, 90.0, 32.0, 5.0, 0.0, 80.0, 81.0, 91.0, 90.0, 91.0, 0.0, 6.0, 40.0]","[8.0, 30.94, 64.61, 72.28, 72.59, 70.79, 82.78, 85.01, 86.93, 84.43, 81.87, 72.56, 69.86, 71.78, 67.2, 78.05, 81.04, 84.1, 86.5, 86.93, 84.2, 80.56, 82.28, 71.23, 73.25, 69.13, 70.9, 71.17, 57.6, 56.2, 55.61, 54.89, 42.43, 46.79, 35.62, 34.98, 31.6, 35.27, 28.25, 25.95, 23.31, 22.08, 40.7, 29.96, 64.55, 45.79, 46.6, 43.31, 31.82, 31.17, 27.42, 22.68, 37.45, 40.12, 51.26, 39.18, 25.84, 23.27, 21.96]"
58,[37],"[0, 19, 23, 21, 22, 18, 52, 24, 20, 28, 27, 30, 26, 29, 51, 38, 41, 35, 39, 40, 43, 33, 45, 56, 53, 34, 36, 48, 46, 31, 17, 47, 1, 25, 49, 3, 32, 13, 5, 58, 2, 50, 12, 15, 54, 42, 57, 55, 44, 8, 7, 6, 4, 59, 10, 9, 16, 14, 11]","[45.0, 88.0, 66.0, 82.0, 72.0, 34.0, 44.0, 88.0, 89.0, 86.0, 84.0, 77.0, 82.0, 79.0, 85.0, 88.0, 91.0, 94.0, 88.0, 87.0, 5.0, 73.0, 26.0, 20.0, 68.0, 91.0, 85.0, 73.0, 28.0, 22.0, 36.0, 65.0, 12.0, 55.0, 44.0, 22.0, 60.0, 9.0, 5.0, 0.0, 8.0, 7.0, 40.0, 6.0, 58.0, 20.0, 4.0, 0.0, 32.0, 98.0, 91.0, 90.0, 0.0, 0.0, 81.0, 90.0, 91.0, 91.0, 80.0]","[91.0, 79.5, 84.69, 83.56, 81.35, 79.92, 77.54, 77.01, 81.94, 80.59, 84.85, 83.67, 79.7, 70.9, 74.33, 70.76, 79.28, 86.06, 89.26, 88.34, 79.54, 77.03, 70.41, 70.88, 72.89, 73.54, 76.92, 75.6, 69.08, 59.96, 50.9, 46.01, 39.03, 38.08, 38.67, 37.02, 34.02, 40.04, 33.53, 30.1, 24.92, 19.33, 16.59, 15.57, 13.52, 27.68, 28.37, 29.99, 16.44, 17.82, 43.83, 44.8, 40.86, 25.73, 20.08, 36.08, 42.97, 33.26, 30.93]"
59,[14],"[0, 16, 9, 50, 45, 13, 6, 11, 7, 15, 42, 10, 4, 1, 46, 8, 59, 58, 2, 57, 35, 33, 38, 39, 41, 40, 51, 37, 53, 34, 43, 25, 36, 22, 29, 49, 23, 19, 20, 24, 21, 18, 48, 56, 31, 27, 28, 26, 30, 47, 52, 17, 5, 3, 54, 44, 32, 55, 12]","[45.0, 91.0, 90.0, 7.0, 26.0, 9.0, 90.0, 80.0, 91.0, 6.0, 20.0, 81.0, 0.0, 12.0, 28.0, 98.0, 0.0, 0.0, 8.0, 4.0, 94.0, 73.0, 88.0, 88.0, 91.0, 87.0, 85.0, 91.0, 68.0, 91.0, 5.0, 55.0, 85.0, 72.0, 79.0, 44.0, 66.0, 88.0, 89.0, 88.0, 82.0, 34.0, 73.0, 20.0, 22.0, 84.0, 86.0, 82.0, 77.0, 65.0, 44.0, 36.0, 5.0, 22.0, 58.0, 32.0, 60.0, 0.0, 40.0]","[91.0, 74.9, 77.66, 84.96, 72.0, 68.19, 56.88, 73.96, 62.79, 60.47, 60.92, 65.79, 65.25, 47.88, 48.77, 45.85, 53.56, 40.07, 37.39, 35.05, 35.02, 54.12, 61.1, 66.88, 82.4, 78.05, 78.46, 67.58, 55.76, 60.69, 54.03, 51.56, 49.88, 55.93, 66.43, 61.39, 61.03, 63.5, 68.3, 76.77, 70.5, 69.59, 65.07, 60.62, 59.94, 52.29, 70.67, 78.68, 83.19, 47.97, 48.16, 45.13, 36.51, 33.65, 30.24, 26.99, 22.44, 22.1, 17.98]"
60,[19],"[0, 18, 23, 24, 20, 21, 51, 56, 28, 30, 27, 26, 22, 29, 46, 17, 31, 58, 38, 37, 35, 41, 40, 39, 33, 53, 34, 36, 48, 47, 52, 45, 25, 49, 5, 32, 14, 16, 7, 8, 4, 6, 9, 2, 50, 1, 44, 57, 42, 59, 10, 11, 13, 3, 43, 15, 54, 55, 12]","[45.0, 34.0, 66.0, 88.0, 89.0, 82.0, 85.0, 20.0, 86.0, 77.0, 84.0, 82.0, 72.0, 79.0, 28.0, 36.0, 22.0, 0.0, 88.0, 91.0, 94.0, 91.0, 87.0, 88.0, 73.0, 68.0, 91.0, 85.0, 73.0, 65.0, 44.0, 26.0, 55.0, 44.0, 5.0, 60.0, 91.0, 91.0, 91.0, 98.0, 0.0, 90.0, 90.0, 8.0, 7.0, 12.0, 32.0, 4.0, 20.0, 0.0, 81.0, 80.0, 9.0, 22.0, 5.0, 6.0, 58.0, 0.0, 40.0]","[88.0, 78.54, 73.76, 74.43, 76.0, 75.84, 73.12, 73.68, 78.02, 80.68, 81.64, 82.71, 75.7, 74.64, 57.03, 49.49, 43.14, 37.86, 35.9, 60.96, 65.02, 71.45, 76.97, 78.92, 78.72, 74.99, 73.81, 71.79, 71.46, 59.41, 56.28, 54.33, 42.21, 40.72, 39.15, 35.11, 39.7, 60.33, 61.26, 74.91, 77.27, 69.07, 70.29, 71.46, 71.93, 61.72, 60.74, 46.52, 37.61, 39.62, 37.74, 38.78, 36.34, 29.42, 29.79, 30.44, 22.4, 24.46, 20.92]"
61,[31],"[0, 26, 27, 30, 21, 18, 28, 19, 20, 23, 24, 51, 29, 22, 38, 37, 35, 39, 41, 40, 45, 33, 48, 52, 46, 56, 34, 53, 36, 17, 47, 57, 25, 49, 3, 32, 13, 1, 5, 2, 58, 43, 12, 59, 15, 54, 42, 55, 8, 7, 6, 50, 4, 16, 9, 14, 10, 11, 44]","[45.0, 82.0, 84.0, 77.0, 82.0, 34.0, 86.0, 88.0, 89.0, 66.0, 88.0, 85.0, 79.0, 72.0, 88.0, 91.0, 94.0, 88.0, 91.0, 87.0, 26.0, 73.0, 73.0, 44.0, 28.0, 20.0, 91.0, 68.0, 85.0, 36.0, 65.0, 4.0, 55.0, 44.0, 22.0, 60.0, 9.0, 12.0, 5.0, 8.0, 0.0, 5.0, 40.0, 0.0, 6.0, 58.0, 20.0, 0.0, 98.0, 91.0, 90.0, 7.0, 0.0, 91.0, 90.0, 91.0, 81.0, 80.0, 32.0]","[22.0, 36.26, 65.92, 77.77, 72.31, 79.93, 76.74, 75.59, 83.78, 85.76, 82.68, 67.06, 70.84, 73.69, 64.49, 77.84, 80.3, 87.02, 86.69, 88.34, 83.19, 83.41, 82.72, 80.58, 70.63, 66.92, 65.1, 68.29, 74.27, 57.86, 58.05, 50.94, 40.64, 40.98, 39.76, 36.85, 42.02, 36.43, 30.12, 24.06, 25.95, 20.38, 18.2, 15.74, 15.0, 12.02, 26.53, 27.82, 20.69, 62.54, 46.92, 43.81, 43.95, 19.51, 46.41, 31.15, 25.69, 30.45, 18.59]"
62,[59],"[0, 26, 30, 27, 28, 18, 23, 19, 24, 20, 51, 29, 37, 38, 35, 39, 41, 40, 56, 53, 36, 48, 46, 33, 34, 47, 32, 31, 52, 7, 8, 16, 4, 44, 25, 6, 9, 1, 22, 21, 17, 57, 2, 50, 45, 11, 10, 58, 49, 5, 14, 42, 13, 3, 43, 54, 55, 15, 12]","[45.0, 82.0, 77.0, 84.0, 86.0, 34.0, 66.0, 88.0, 88.0, 89.0, 85.0, 79.0, 91.0, 88.0, 94.0, 88.0, 91.0, 87.0, 20.0, 68.0, 85.0, 73.0, 28.0, 73.0, 91.0, 65.0, 60.0, 22.0, 44.0, 91.0, 98.0, 91.0, 0.0, 32.0, 55.0, 90.0, 90.0, 12.0, 72.0, 82.0, 36.0, 4.0, 8.0, 7.0, 26.0, 80.0, 81.0, 0.0, 44.0, 5.0, 91.0, 20.0, 9.0, 22.0, 5.0, 58.0, 0.0, 6.0, 40.0]","[0.0, 31.05, 65.16, 75.56, 73.36, 68.22, 63.45, 70.07, 79.04, 82.99, 66.47, 68.73, 67.7, 80.12, 80.8, 86.98, 84.61, 88.3, 84.17, 73.62, 73.1, 76.72, 72.83, 76.28, 73.02, 63.75, 54.81, 60.25, 58.27, 56.54, 75.19, 79.16, 85.02, 76.64, 65.66, 61.13, 67.75, 75.17, 60.78, 65.48, 56.84, 57.59, 56.69, 53.67, 51.36, 47.66, 48.58, 48.77, 43.07, 43.37, 42.9, 39.28, 38.19, 31.52, 30.45, 26.5, 31.69, 24.85, 20.55]"
63,[28],"[0, 30, 27, 26, 21, 24, 20, 23, 19, 18, 51, 29, 22, 38, 37, 35, 52, 39, 41, 40, 45, 33, 48, 46, 58, 34, 53, 36, 47, 31, 56, 17, 25, 49, 4, 3, 32, 13, 5, 50, 12, 1, 2, 44, 43, 42, 54, 55, 57, 15, 59, 8, 7, 6, 9, 16, 14, 10, 11]","[45.0, 77.0, 84.0, 82.0, 82.0, 88.0, 89.0, 66.0, 88.0, 34.0, 85.0, 79.0, 72.0, 88.0, 91.0, 94.0, 44.0, 88.0, 91.0, 87.0, 26.0, 73.0, 73.0, 28.0, 0.0, 91.0, 68.0, 85.0, 65.0, 22.0, 20.0, 36.0, 55.0, 44.0, 0.0, 22.0, 60.0, 9.0, 5.0, 7.0, 40.0, 12.0, 8.0, 32.0, 5.0, 20.0, 58.0, 0.0, 4.0, 6.0, 0.0, 98.0, 91.0, 90.0, 90.0, 91.0, 91.0, 81.0, 80.0]","[86.0, 73.29, 75.52, 76.82, 76.63, 81.33, 84.68, 86.26, 85.25, 83.67, 70.12, 72.65, 73.11, 70.14, 76.93, 80.98, 84.43, 82.63, 83.2, 87.59, 79.82, 75.25, 68.6, 71.7, 68.47, 70.89, 72.71, 76.89, 66.16, 59.13, 63.05, 44.57, 41.28, 39.17, 39.75, 32.73, 33.45, 33.81, 29.99, 25.55, 20.35, 25.03, 21.28, 16.82, 27.33, 17.89, 17.66, 28.16, 29.15, 14.29, 15.07, 15.11, 37.71, 42.37, 18.31, 39.8, 31.91, 24.99, 32.81]"
64,[30],"[0, 18, 28, 27, 26, 23, 20, 19, 24, 51, 37, 38, 35, 39, 41, 40, 48, 36, 53, 56, 29, 33, 34, 46, 8, 7, 4, 25, 44, 22, 21, 57, 6, 17, 47, 50, 2, 45, 52, 49, 54, 42, 1, 58, 3, 43, 11, 5, 16, 14, 10, 9, 31, 55, 15, 32, 13, 59, 12]","[45.0, 34.0, 86.0, 84.0, 82.0, 66.0, 89.0, 88.0, 88.0, 85.0, 91.0, 88.0, 94.0, 88.0, 91.0, 87.0, 73.0, 85.0, 68.0, 20.0, 79.0, 73.0, 91.0, 28.0, 98.0, 91.0, 0.0, 55.0, 32.0, 72.0, 82.0, 4.0, 90.0, 36.0, 65.0, 7.0, 8.0, 26.0, 44.0, 44.0, 58.0, 20.0, 12.0, 0.0, 22.0, 5.0, 80.0, 5.0, 91.0, 91.0, 81.0, 90.0, 22.0, 0.0, 6.0, 60.0, 9.0, 0.0, 40.0]","[77.0, 67.08, 64.57, 68.46, 72.49, 65.95, 68.76, 77.9, 83.82, 70.56, 72.09, 80.84, 81.89, 87.12, 85.04, 88.1, 86.68, 81.38, 83.87, 76.86, 77.97, 78.24, 73.27, 74.25, 65.28, 85.35, 84.92, 67.75, 67.57, 63.82, 69.66, 62.62, 70.39, 61.16, 54.56, 60.32, 53.51, 53.28, 46.26, 41.82, 42.57, 40.62, 44.52, 33.2, 28.9, 26.89, 30.78, 41.22, 37.97, 49.84, 48.83, 46.49, 37.33, 38.05, 27.27, 28.16, 35.39, 27.8, 16.2]"
65,[26],"[0, 18, 30, 28, 27, 23, 20, 19, 24, 51, 37, 38, 36, 53, 52, 35, 39, 41, 40, 48, 33, 43, 34, 29, 46, 47, 56, 32, 31, 2, 25, 17, 49, 21, 22, 45, 58, 5, 3, 13, 59, 1, 12, 50, 16, 4, 9, 6, 10, 11, 14, 7, 8, 15, 57, 54, 42, 55, 44]","[45.0, 34.0, 77.0, 86.0, 84.0, 66.0, 89.0, 88.0, 88.0, 85.0, 91.0, 88.0, 85.0, 68.0, 44.0, 94.0, 88.0, 91.0, 87.0, 73.0, 73.0, 5.0, 91.0, 79.0, 28.0, 65.0, 20.0, 60.0, 22.0, 8.0, 55.0, 36.0, 44.0, 82.0, 72.0, 26.0, 0.0, 5.0, 22.0, 9.0, 0.0, 12.0, 40.0, 7.0, 91.0, 0.0, 90.0, 90.0, 81.0, 80.0, 91.0, 91.0, 98.0, 6.0, 4.0, 58.0, 20.0, 0.0, 32.0]","[82.0, 72.38, 69.03, 72.68, 78.61, 67.43, 68.42, 78.78, 83.68, 70.04, 71.35, 80.8, 81.23, 83.35, 79.44, 79.52, 84.97, 84.38, 86.8, 82.49, 79.63, 77.42, 73.9, 75.73, 68.05, 65.54, 64.71, 61.78, 63.71, 52.06, 48.38, 46.05, 36.8, 38.96, 63.28, 45.59, 38.12, 35.79, 26.84, 22.8, 19.78, 18.02, 19.07, 16.32, 15.01, 30.36, 24.43, 38.78, 48.39, 40.43, 42.87, 25.33, 54.87, 36.26, 36.34, 26.81, 40.64, 20.07, 18.53]"
66,[4],"[0, 28, 30, 27, 26, 24, 20, 23, 19, 21, 18, 51, 29, 22, 38, 37, 35, 41, 39, 40, 33, 56, 53, 34, 36, 48, 46, 17, 47, 52, 58, 31, 32, 49, 25, 5, 45, 14, 50, 16, 2, 6, 1, 9, 7, 8, 44, 42, 59, 10, 11, 13, 57, 43, 15, 54, 3, 55, 12]","[45.0, 86.0, 77.0, 84.0, 82.0, 88.0, 89.0, 66.0, 88.0, 82.0, 34.0, 85.0, 79.0, 72.0, 88.0, 91.0, 94.0, 91.0, 88.0, 87.0, 73.0, 20.0, 68.0, 91.0, 85.0, 73.0, 28.0, 36.0, 65.0, 44.0, 0.0, 22.0, 60.0, 44.0, 55.0, 5.0, 26.0, 91.0, 7.0, 91.0, 8.0, 90.0, 12.0, 90.0, 91.0, 98.0, 32.0, 20.0, 0.0, 81.0, 80.0, 9.0, 4.0, 5.0, 6.0, 58.0, 22.0, 0.0, 40.0]","[0.0, 28.8, 55.11, 68.33, 71.63, 61.93, 80.78, 85.4, 83.7, 84.75, 82.3, 67.57, 74.24, 71.74, 65.46, 75.87, 80.22, 83.98, 87.54, 87.36, 83.32, 79.76, 67.42, 68.12, 70.81, 69.47, 68.53, 60.99, 54.81, 53.62, 50.46, 47.69, 36.75, 40.82, 40.6, 38.51, 35.52, 31.52, 50.71, 45.34, 50.98, 43.76, 46.75, 44.86, 46.22, 63.92, 55.92, 44.43, 41.08, 33.38, 41.66, 39.44, 37.57, 30.61, 27.03, 27.16, 26.77, 22.5, 20.1]"
67,[4],"[0, 28, 30, 27, 26, 24, 20, 23, 19, 21, 18, 51, 29, 22, 38, 37, 35, 41, 39, 40, 33, 56, 53, 34, 36, 48, 46, 17, 47, 52, 58, 31, 32, 49, 25, 5, 45, 14, 50, 16, 2, 6, 1, 9, 7, 8, 44, 42, 59, 10, 11, 13, 57, 43, 15, 54, 3, 55, 12]","[45.0, 86.0, 77.0, 84.0, 82.0, 88.0, 89.0, 66.0, 88.0, 82.0, 34.0, 85.0, 79.0, 72.0, 88.0, 91.0, 94.0, 91.0, 88.0, 87.0, 73.0, 20.0, 68.0, 91.0, 85.0, 73.0, 28.0, 36.0, 65.0, 44.0, 0.0, 22.0, 60.0, 44.0, 55.0, 5.0, 26.0, 91.0, 7.0, 91.0, 8.0, 90.0, 12.0, 90.0, 91.0, 98.0, 32.0, 20.0, 0.0, 81.0, 80.0, 9.0, 4.0, 5.0, 6.0, 58.0, 22.0, 0.0, 40.0]","[0.0, 28.8, 55.11, 68.33, 71.63, 61.93, 80.78, 85.4, 83.7, 84.75, 82.3, 67.57, 74.24, 71.74, 65.46, 75.87, 80.22, 83.98, 87.54, 87.36, 83.32, 79.76, 67.42, 68.12, 70.81, 69.47, 68.53, 60.99, 54.81, 53.62, 50.46, 47.69, 36.75, 40.82, 40.6, 38.51, 35.52, 31.52, 50.71, 45.34, 50.98, 43.76, 46.75, 44.86, 46.22, 63.92, 55.92, 44.43, 41.08, 33.38, 41.66, 39.44, 37.57, 30.61, 27.03, 27.16, 26.77, 22.5, 20.1]"
68,[47],"[0, 52, 48, 41, 40, 39, 51, 58, 33, 37, 35, 23, 34, 43, 28, 27, 30, 36, 20, 24, 26, 19, 53, 22, 21, 38, 29, 25, 18, 46, 56, 31, 45, 49, 3, 17, 32, 13, 5, 1, 2, 59, 12, 54, 42, 57, 55, 8, 7, 6, 50, 4, 11, 10, 16, 9, 14, 44, 15]","[45.0, 44.0, 73.0, 91.0, 87.0, 88.0, 85.0, 0.0, 73.0, 91.0, 94.0, 66.0, 91.0, 5.0, 86.0, 84.0, 77.0, 85.0, 89.0, 88.0, 82.0, 88.0, 68.0, 72.0, 82.0, 88.0, 79.0, 55.0, 34.0, 28.0, 20.0, 22.0, 26.0, 44.0, 22.0, 36.0, 60.0, 9.0, 5.0, 12.0, 8.0, 0.0, 40.0, 58.0, 20.0, 4.0, 0.0, 98.0, 91.0, 90.0, 7.0, 0.0, 80.0, 81.0, 91.0, 90.0, 91.0, 32.0, 6.0]","[65.0, 59.4, 56.56, 58.37, 76.06, 84.64, 84.08, 82.21, 80.49, 74.74, 77.88, 81.84, 77.96, 74.62, 75.87, 78.64, 81.34, 76.89, 75.09, 79.63, 73.84, 80.74, 74.54, 72.06, 73.66, 75.45, 77.12, 69.49, 74.45, 72.2, 58.52, 62.87, 49.18, 44.74, 41.46, 40.56, 35.17, 39.51, 32.46, 26.23, 24.78, 17.95, 17.5, 16.06, 31.51, 25.01, 26.46, 21.78, 62.41, 41.46, 47.17, 39.77, 23.51, 37.65, 43.99, 50.89, 37.72, 27.82, 23.62]"
69,[43],"[0, 3, 13, 28, 30, 26, 27, 20, 23, 24, 19, 21, 22, 18, 51, 29, 35, 56, 34, 53, 33, 41, 40, 39, 36, 37, 48, 38, 46, 47, 52, 17, 49, 45, 25, 31, 5, 32, 1, 58, 2, 12, 59, 50, 15, 54, 42, 55, 57, 8, 7, 6, 4, 16, 9, 14, 10, 11, 44]","[45.0, 22.0, 9.0, 86.0, 77.0, 82.0, 84.0, 89.0, 66.0, 88.0, 88.0, 82.0, 72.0, 34.0, 85.0, 79.0, 94.0, 20.0, 91.0, 68.0, 73.0, 91.0, 87.0, 88.0, 85.0, 91.0, 73.0, 88.0, 28.0, 65.0, 44.0, 36.0, 44.0, 26.0, 55.0, 22.0, 5.0, 60.0, 12.0, 0.0, 8.0, 40.0, 0.0, 7.0, 6.0, 58.0, 20.0, 0.0, 4.0, 98.0, 91.0, 90.0, 0.0, 91.0, 90.0, 91.0, 81.0, 80.0, 32.0]","[5.0, 34.2, 32.45, 28.94, 59.98, 70.37, 79.61, 75.5, 82.64, 80.42, 83.9, 75.86, 73.77, 71.2, 70.61, 67.32, 61.4, 75.44, 69.4, 79.21, 77.88, 71.73, 82.33, 76.34, 60.38, 58.7, 68.59, 75.42, 70.86, 60.48, 60.1, 56.36, 43.89, 43.4, 38.64, 41.58, 30.79, 29.62, 29.49, 26.86, 24.83, 17.32, 20.92, 13.8, 12.63, 13.52, 24.86, 27.88, 30.29, 16.27, 48.94, 36.78, 33.18, 17.4, 40.39, 34.91, 27.37, 31.04, 19.86]"
70,[58],"[0, 3, 2, 46, 28, 30, 26, 27, 23, 20, 19, 24, 21, 22, 18, 51, 29, 36, 53, 37, 38, 35, 41, 40, 39, 33, 48, 34, 47, 52, 56, 17, 25, 49, 45, 31, 5, 50, 32, 13, 43, 1, 12, 59, 15, 54, 42, 55, 57, 8, 7, 6, 4, 44, 16, 9, 14, 10, 11]","[45.0, 22.0, 8.0, 28.0, 86.0, 77.0, 82.0, 84.0, 66.0, 89.0, 88.0, 88.0, 82.0, 72.0, 34.0, 85.0, 79.0, 85.0, 68.0, 91.0, 88.0, 94.0, 91.0, 87.0, 88.0, 73.0, 73.0, 91.0, 65.0, 44.0, 20.0, 36.0, 55.0, 44.0, 26.0, 22.0, 5.0, 7.0, 60.0, 9.0, 5.0, 12.0, 40.0, 0.0, 6.0, 58.0, 20.0, 0.0, 4.0, 98.0, 91.0, 90.0, 0.0, 32.0, 91.0, 90.0, 91.0, 81.0, 80.0]","[0.0, 32.85, 32.06, 26.8, 27.99, 59.67, 67.74, 77.89, 61.52, 66.81, 77.25, 74.16, 71.35, 78.13, 72.34, 69.91, 72.57, 45.93, 71.88, 73.8, 76.61, 79.7, 81.12, 85.43, 85.49, 84.27, 82.63, 75.54, 73.49, 69.54, 59.29, 60.2, 51.42, 48.9, 45.59, 44.54, 32.22, 29.19, 26.91, 24.45, 23.29, 16.48, 17.56, 16.06, 16.27, 14.93, 25.97, 28.26, 28.1, 16.14, 47.42, 41.95, 33.53, 18.23, 19.5, 44.64, 32.6, 36.32, 33.84]"
71,[20],"[0, 18, 23, 19, 24, 51, 21, 22, 40, 39, 56, 41, 57, 35, 30, 34, 29, 28, 27, 26, 53, 33, 38, 37, 46, 36, 48, 52, 31, 47, 45, 17, 25, 49, 3, 32, 13, 1, 5, 12, 2, 59, 58, 44, 42, 43, 54, 55, 50, 8, 7, 4, 6, 11, 16, 9, 10, 14, 15]","[45.0, 34.0, 66.0, 88.0, 88.0, 85.0, 82.0, 72.0, 87.0, 88.0, 20.0, 91.0, 4.0, 94.0, 77.0, 91.0, 79.0, 86.0, 84.0, 82.0, 68.0, 73.0, 88.0, 91.0, 28.0, 85.0, 73.0, 44.0, 22.0, 65.0, 26.0, 36.0, 55.0, 44.0, 22.0, 60.0, 9.0, 12.0, 5.0, 40.0, 8.0, 0.0, 0.0, 32.0, 20.0, 5.0, 58.0, 0.0, 7.0, 98.0, 91.0, 0.0, 90.0, 80.0, 91.0, 90.0, 81.0, 91.0, 6.0]","[89.0, 79.32, 74.48, 76.39, 80.38, 76.25, 74.32, 73.38, 72.3, 80.41, 75.78, 78.62, 78.14, 78.76, 77.23, 78.11, 77.88, 77.08, 80.91, 80.29, 76.26, 77.56, 73.43, 75.64, 73.79, 73.0, 68.57, 62.12, 63.6, 56.25, 58.6, 47.61, 38.21, 38.7, 40.02, 36.2, 41.35, 33.08, 30.15, 22.94, 24.97, 28.12, 24.82, 18.77, 27.63, 25.83, 17.72, 30.71, 19.63, 17.96, 49.81, 44.0, 44.95, 23.55, 32.38, 44.43, 49.09, 43.39, 26.4]"
72,[4],"[0, 28, 30, 27, 26, 24, 20, 23, 19, 21, 18, 51, 29, 22, 38, 37, 35, 41, 39, 40, 33, 56, 53, 34, 36, 48, 46, 17, 47, 52, 58, 31, 32, 49, 25, 5, 45, 14, 50, 16, 2, 6, 1, 9, 7, 8, 44, 42, 59, 10, 11, 13, 57, 43, 15, 54, 3, 55, 12]","[45.0, 86.0, 77.0, 84.0, 82.0, 88.0, 89.0, 66.0, 88.0, 82.0, 34.0, 85.0, 79.0, 72.0, 88.0, 91.0, 94.0, 91.0, 88.0, 87.0, 73.0, 20.0, 68.0, 91.0, 85.0, 73.0, 28.0, 36.0, 65.0, 44.0, 0.0, 22.0, 60.0, 44.0, 55.0, 5.0, 26.0, 91.0, 7.0, 91.0, 8.0, 90.0, 12.0, 90.0, 91.0, 98.0, 32.0, 20.0, 0.0, 81.0, 80.0, 9.0, 4.0, 5.0, 6.0, 58.0, 22.0, 0.0, 40.0]","[0.0, 28.8, 55.11, 68.33, 71.63, 61.93, 80.78, 85.4, 83.7, 84.75, 82.3, 67.57, 74.24, 71.74, 65.46, 75.87, 80.22, 83.98, 87.54, 87.36, 83.32, 79.76, 67.42, 68.12, 70.81, 69.47, 68.53, 60.99, 54.81, 53.62, 50.46, 47.69, 36.75, 40.82, 40.6, 38.51, 35.52, 31.52, 50.71, 45.34, 50.98, 43.76, 46.75, 44.86, 46.22, 63.92, 55.92, 44.43, 41.08, 33.38, 41.66, 39.44, 37.57, 30.61, 27.03, 27.16, 26.77, 22.5, 20.1]"
73,[17],"[0, 3, 26, 27, 30, 28, 20, 19, 24, 23, 21, 22, 37, 38, 52, 41, 35, 33, 39, 40, 51, 29, 45, 56, 57, 53, 34, 36, 48, 46, 18, 47, 32, 31, 25, 13, 49, 5, 1, 54, 42, 8, 7, 6, 50, 4, 2, 44, 43, 55, 58, 12, 59, 16, 9, 14, 11, 10, 15]","[45.0, 22.0, 82.0, 84.0, 77.0, 86.0, 89.0, 88.0, 88.0, 66.0, 82.0, 72.0, 91.0, 88.0, 44.0, 91.0, 94.0, 73.0, 88.0, 87.0, 85.0, 79.0, 26.0, 20.0, 4.0, 68.0, 91.0, 85.0, 73.0, 28.0, 34.0, 65.0, 60.0, 22.0, 55.0, 9.0, 44.0, 5.0, 12.0, 58.0, 20.0, 98.0, 91.0, 90.0, 7.0, 0.0, 8.0, 32.0, 5.0, 0.0, 0.0, 40.0, 0.0, 91.0, 90.0, 91.0, 80.0, 81.0, 6.0]","[36.0, 41.94, 38.12, 67.39, 77.75, 77.32, 68.79, 80.63, 85.72, 80.6, 71.37, 74.49, 67.26, 71.68, 77.37, 74.94, 82.93, 84.57, 83.07, 85.22, 82.28, 76.79, 80.03, 75.9, 64.8, 69.55, 71.78, 67.86, 71.57, 67.62, 61.26, 53.41, 46.05, 51.63, 40.42, 41.92, 37.31, 34.08, 29.25, 24.91, 41.23, 29.72, 60.15, 45.87, 52.19, 54.64, 33.34, 30.75, 31.92, 30.36, 25.45, 21.78, 23.45, 21.26, 41.71, 36.36, 34.48, 55.16, 26.9]"
74,[55],"[0, 3, 31, 28, 30, 27, 26, 18, 23, 20, 19, 24, 51, 56, 21, 22, 29, 17, 35, 41, 40, 37, 38, 53, 33, 46, 39, 34, 48, 36, 47, 52, 25, 32, 49, 45, 13, 57, 2, 50, 5, 1, 58, 12, 44, 43, 16, 14, 6, 11, 10, 9, 4, 59, 7, 8, 42, 15, 54]","[45.0, 22.0, 22.0, 86.0, 77.0, 84.0, 82.0, 34.0, 66.0, 89.0, 88.0, 88.0, 85.0, 20.0, 82.0, 72.0, 79.0, 36.0, 94.0, 91.0, 87.0, 91.0, 88.0, 68.0, 73.0, 28.0, 88.0, 91.0, 73.0, 85.0, 65.0, 44.0, 55.0, 60.0, 44.0, 26.0, 9.0, 4.0, 8.0, 7.0, 5.0, 12.0, 0.0, 40.0, 32.0, 5.0, 91.0, 91.0, 90.0, 80.0, 81.0, 90.0, 0.0, 0.0, 91.0, 98.0, 20.0, 6.0, 58.0]","[0.0, 30.6, 32.71, 33.12, 63.46, 71.06, 71.89, 75.33, 64.22, 69.92, 75.87, 82.02, 68.45, 62.58, 77.28, 75.25, 67.69, 46.66, 40.89, 70.42, 78.25, 75.0, 75.86, 77.24, 76.09, 74.59, 78.44, 70.22, 71.59, 74.4, 57.38, 55.72, 43.27, 43.06, 43.4, 48.84, 40.37, 38.41, 31.62, 26.2, 25.73, 19.77, 18.07, 16.47, 16.64, 26.45, 14.16, 29.19, 34.97, 42.23, 56.93, 40.95, 43.34, 25.13, 22.04, 43.96, 27.45, 26.43, 21.64]"
75,[28],"[0, 30, 27, 26, 21, 24, 20, 23, 19, 18, 51, 29, 22, 38, 37, 35, 52, 39, 41, 40, 45, 33, 48, 46, 58, 34, 53, 36, 47, 31, 56, 17, 25, 49, 4, 3, 32, 13, 5, 50, 12, 1, 2, 44, 43, 42, 54, 55, 57, 15, 59, 8, 7, 6, 9, 16, 14, 10, 11]","[45.0, 77.0, 84.0, 82.0, 82.0, 88.0, 89.0, 66.0, 88.0, 34.0, 85.0, 79.0, 72.0, 88.0, 91.0, 94.0, 44.0, 88.0, 91.0, 87.0, 26.0, 73.0, 73.0, 28.0, 0.0, 91.0, 68.0, 85.0, 65.0, 22.0, 20.0, 36.0, 55.0, 44.0, 0.0, 22.0, 60.0, 9.0, 5.0, 7.0, 40.0, 12.0, 8.0, 32.0, 5.0, 20.0, 58.0, 0.0, 4.0, 6.0, 0.0, 98.0, 91.0, 90.0, 90.0, 91.0, 91.0, 81.0, 80.0]","[86.0, 73.29, 75.52, 76.82, 76.63, 81.33, 84.68, 86.26, 85.25, 83.67, 70.12, 72.65, 73.11, 70.14, 76.93, 80.98, 84.43, 82.63, 83.2, 87.59, 79.82, 75.25, 68.6, 71.7, 68.47, 70.89, 72.71, 76.89, 66.16, 59.13, 63.05, 44.57, 41.28, 39.17, 39.75, 32.73, 33.45, 33.81, 29.99, 25.55, 20.35, 25.03, 21.28, 16.82, 27.33, 17.89, 17.66, 28.16, 29.15, 14.29, 15.07, 15.11, 37.71, 42.37, 18.31, 39.8, 31.91, 24.99, 32.81]"
76,[23],"[0, 19, 21, 22, 24, 20, 30, 18, 28, 27, 26, 29, 51, 38, 37, 35, 41, 40, 39, 47, 33, 52, 45, 56, 34, 53, 36, 48, 46, 32, 31, 1, 17, 25, 59, 49, 3, 58, 5, 8, 7, 16, 4, 42, 6, 50, 2, 57, 9, 14, 10, 11, 44, 15, 13, 43, 54, 55, 12]","[45.0, 88.0, 82.0, 72.0, 88.0, 89.0, 77.0, 34.0, 86.0, 84.0, 82.0, 79.0, 85.0, 88.0, 91.0, 94.0, 91.0, 87.0, 88.0, 65.0, 73.0, 44.0, 26.0, 20.0, 91.0, 68.0, 85.0, 73.0, 28.0, 60.0, 22.0, 12.0, 36.0, 55.0, 0.0, 44.0, 22.0, 0.0, 5.0, 98.0, 91.0, 91.0, 0.0, 20.0, 90.0, 7.0, 8.0, 4.0, 90.0, 91.0, 81.0, 80.0, 32.0, 6.0, 9.0, 5.0, 58.0, 0.0, 40.0]","[66.0, 61.38, 79.26, 81.24, 77.86, 78.4, 81.2, 80.65, 75.97, 78.81, 80.02, 74.1, 74.64, 65.93, 76.96, 81.52, 85.48, 87.82, 87.27, 85.2, 82.41, 76.75, 78.25, 69.39, 70.58, 73.26, 73.23, 75.81, 69.33, 63.46, 64.48, 55.94, 51.05, 44.86, 40.69, 44.67, 34.06, 37.2, 30.62, 29.95, 68.54, 63.17, 76.37, 50.81, 52.05, 49.96, 47.55, 35.17, 37.35, 33.81, 31.46, 33.36, 29.62, 33.8, 30.76, 31.37, 26.65, 24.23, 18.67]"
77,[51],"[0, 39, 40, 41, 37, 38, 43, 27, 26, 23, 28, 30, 56, 35, 33, 53, 34, 36, 24, 20, 19, 29, 22, 21, 31, 46, 48, 18, 52, 17, 47, 45, 25, 4, 49, 3, 32, 13, 12, 1, 5, 58, 2, 59, 55, 54, 57, 42, 50, 44, 8, 7, 6, 11, 16, 9, 10, 14, 15]","[45.0, 88.0, 87.0, 91.0, 91.0, 88.0, 5.0, 84.0, 82.0, 66.0, 86.0, 77.0, 20.0, 94.0, 73.0, 68.0, 91.0, 85.0, 88.0, 89.0, 88.0, 79.0, 72.0, 82.0, 22.0, 28.0, 73.0, 34.0, 44.0, 36.0, 65.0, 26.0, 55.0, 0.0, 44.0, 22.0, 60.0, 9.0, 40.0, 12.0, 5.0, 0.0, 8.0, 0.0, 0.0, 58.0, 4.0, 20.0, 7.0, 32.0, 98.0, 91.0, 90.0, 80.0, 91.0, 90.0, 81.0, 91.0, 6.0]","[85.0, 72.6, 81.63, 86.36, 85.07, 88.8, 86.52, 85.08, 84.56, 85.84, 81.96, 82.78, 78.2, 74.34, 77.92, 77.58, 76.36, 73.82, 73.35, 81.14, 82.34, 81.79, 79.12, 74.17, 70.86, 71.35, 65.63, 62.84, 52.37, 50.11, 51.03, 46.45, 40.44, 40.54, 37.46, 36.19, 36.05, 39.76, 30.56, 35.82, 35.33, 25.09, 20.3, 14.56, 13.95, 12.78, 25.21, 23.27, 17.33, 13.11, 13.37, 33.73, 36.2, 24.91, 43.18, 43.97, 48.21, 40.66, 23.86]"
78,[52],"[0, 3, 56, 46, 2, 50, 47, 48, 36, 34, 25, 59, 35, 41, 40, 33, 37, 39, 51, 27, 28, 30, 23, 20, 24, 19, 26, 53, 38, 22, 21, 29, 18, 17, 49, 45, 31, 58, 5, 32, 16, 4, 44, 14, 6, 9, 1, 7, 8, 57, 42, 11, 10, 13, 43, 15, 54, 55, 12]","[45.0, 22.0, 20.0, 28.0, 8.0, 7.0, 65.0, 73.0, 85.0, 91.0, 55.0, 0.0, 94.0, 91.0, 87.0, 73.0, 91.0, 88.0, 85.0, 84.0, 86.0, 77.0, 66.0, 89.0, 88.0, 88.0, 82.0, 68.0, 88.0, 72.0, 82.0, 79.0, 34.0, 36.0, 44.0, 26.0, 22.0, 0.0, 5.0, 60.0, 91.0, 0.0, 32.0, 91.0, 90.0, 90.0, 12.0, 91.0, 98.0, 4.0, 20.0, 80.0, 81.0, 9.0, 5.0, 6.0, 58.0, 0.0, 40.0]","[44.0, 44.72, 41.7, 36.82, 37.13, 34.09, 34.1, 46.26, 44.77, 63.74, 67.04, 57.13, 45.64, 57.78, 76.97, 66.42, 73.72, 78.75, 72.51, 73.8, 81.36, 81.71, 79.66, 73.92, 75.39, 65.04, 74.01, 71.31, 68.03, 57.72, 70.33, 72.79, 71.04, 57.95, 50.08, 44.26, 43.69, 31.25, 28.14, 26.04, 21.16, 54.05, 33.93, 32.17, 39.97, 45.9, 54.84, 43.54, 58.59, 42.85, 40.2, 37.46, 51.12, 38.08, 28.9, 25.2, 24.19, 20.76, 20.73]"
79,[9],"[0, 50, 16, 43, 13, 26, 28, 30, 27, 23, 20, 24, 19, 21, 22, 35, 18, 38, 37, 41, 40, 39, 33, 51, 29, 53, 36, 48, 34, 46, 4, 52, 57, 31, 47, 56, 17, 6, 1, 11, 10, 25, 49, 5, 14, 45, 7, 8, 2, 3, 55, 15, 58, 44, 42, 54, 32, 59, 12]","[45.0, 7.0, 91.0, 5.0, 9.0, 82.0, 86.0, 77.0, 84.0, 66.0, 89.0, 88.0, 88.0, 82.0, 72.0, 94.0, 34.0, 88.0, 91.0, 91.0, 87.0, 88.0, 73.0, 85.0, 79.0, 68.0, 85.0, 73.0, 91.0, 28.0, 0.0, 44.0, 4.0, 22.0, 65.0, 20.0, 36.0, 90.0, 12.0, 80.0, 81.0, 55.0, 44.0, 5.0, 91.0, 26.0, 91.0, 98.0, 8.0, 22.0, 0.0, 6.0, 0.0, 32.0, 20.0, 58.0, 60.0, 0.0, 40.0]","[90.0, 76.5, 68.34, 73.69, 60.54, 49.0, 64.92, 74.73, 80.03, 68.96, 69.1, 78.88, 81.79, 79.2, 80.75, 79.52, 74.54, 76.38, 72.81, 68.76, 81.1, 85.2, 83.67, 81.77, 79.73, 65.52, 61.61, 69.86, 73.18, 66.39, 57.0, 61.09, 61.15, 57.13, 59.45, 61.99, 52.84, 47.07, 54.93, 45.96, 49.42, 50.55, 50.93, 46.15, 43.26, 43.06, 37.56, 58.64, 49.08, 40.75, 36.37, 32.08, 27.52, 27.15, 25.61, 22.89, 20.85, 26.04, 19.48]"
80,[17],"[0, 3, 26, 27, 30, 28, 20, 19, 24, 23, 21, 22, 37, 38, 52, 41, 35, 33, 39, 40, 51, 29, 45, 56, 57, 53, 34, 36, 48, 46, 18, 47, 32, 31, 25, 13, 49, 5, 1, 54, 42, 8, 7, 6, 50, 4, 2, 44, 43, 55, 58, 12, 59, 16, 9, 14, 11, 10, 15]","[45.0, 22.0, 82.0, 84.0, 77.0, 86.0, 89.0, 88.0, 88.0, 66.0, 82.0, 72.0, 91.0, 88.0, 44.0, 91.0, 94.0, 73.0, 88.0, 87.0, 85.0, 79.0, 26.0, 20.0, 4.0, 68.0, 91.0, 85.0, 73.0, 28.0, 34.0, 65.0, 60.0, 22.0, 55.0, 9.0, 44.0, 5.0, 12.0, 58.0, 20.0, 98.0, 91.0, 90.0, 7.0, 0.0, 8.0, 32.0, 5.0, 0.0, 0.0, 40.0, 0.0, 91.0, 90.0, 91.0, 80.0, 81.0, 6.0]","[36.0, 41.94, 38.12, 67.39, 77.75, 77.32, 68.79, 80.63, 85.72, 80.6, 71.37, 74.49, 67.26, 71.68, 77.37, 74.94, 82.93, 84.57, 83.07, 85.22, 82.28, 76.79, 80.03, 75.9, 64.8, 69.55, 71.78, 67.86, 71.57, 67.62, 61.26, 53.41, 46.05, 51.63, 40.42, 41.92, 37.31, 34.08, 29.25, 24.91, 41.23, 29.72, 60.15, 45.87, 52.19, 54.64, 33.34, 30.75, 31.92, 30.36, 25.45, 21.78, 23.45, 21.26, 41.71, 36.36, 34.48, 55.16, 26.9]"
81,[32],"[0, 59, 2, 26, 30, 27, 28, 19, 24, 20, 23, 21, 22, 18, 51, 56, 29, 35, 41, 40, 37, 38, 53, 36, 48, 34, 52, 39, 33, 47, 46, 17, 49, 25, 31, 45, 1, 58, 5, 44, 42, 43, 16, 9, 50, 4, 14, 6, 10, 11, 13, 7, 8, 15, 57, 3, 54, 55, 12]","[45.0, 0.0, 8.0, 82.0, 77.0, 84.0, 86.0, 88.0, 88.0, 89.0, 66.0, 82.0, 72.0, 34.0, 85.0, 20.0, 79.0, 94.0, 91.0, 87.0, 91.0, 88.0, 68.0, 85.0, 73.0, 91.0, 44.0, 88.0, 73.0, 65.0, 28.0, 36.0, 44.0, 55.0, 22.0, 26.0, 12.0, 0.0, 5.0, 32.0, 20.0, 5.0, 91.0, 90.0, 7.0, 0.0, 91.0, 90.0, 81.0, 80.0, 9.0, 91.0, 98.0, 6.0, 4.0, 22.0, 58.0, 0.0, 40.0]","[60.0, 55.35, 46.8, 43.13, 68.7, 75.0, 75.28, 71.41, 80.82, 84.43, 85.67, 83.36, 81.21, 78.36, 71.59, 67.06, 62.14, 48.86, 70.03, 80.46, 72.65, 70.84, 73.86, 70.65, 73.23, 72.73, 70.78, 68.54, 76.48, 63.57, 57.66, 61.78, 49.02, 47.83, 51.02, 49.83, 40.38, 36.6, 29.65, 27.82, 30.44, 27.19, 19.33, 40.84, 56.05, 39.11, 38.18, 45.13, 46.62, 51.21, 38.33, 27.42, 47.23, 36.12, 30.89, 32.05, 27.52, 27.64, 23.11]"
82,[9],"[0, 50, 16, 43, 13, 26, 28, 30, 27, 23, 20, 24, 19, 21, 22, 35, 18, 38, 37, 41, 40, 39, 33, 51, 29, 53, 36, 48, 34, 46, 4, 52, 57, 31, 47, 56, 17, 6, 1, 11, 10, 25, 49, 5, 14, 45, 7, 8, 2, 3, 55, 15, 58, 44, 42, 54, 32, 59, 12]","[45.0, 7.0, 91.0, 5.0, 9.0, 82.0, 86.0, 77.0, 84.0, 66.0, 89.0, 88.0, 88.0, 82.0, 72.0, 94.0, 34.0, 88.0, 91.0, 91.0, 87.0, 88.0, 73.0, 85.0, 79.0, 68.0, 85.0, 73.0, 91.0, 28.0, 0.0, 44.0, 4.0, 22.0, 65.0, 20.0, 36.0, 90.0, 12.0, 80.0, 81.0, 55.0, 44.0, 5.0, 91.0, 26.0, 91.0, 98.0, 8.0, 22.0, 0.0, 6.0, 0.0, 32.0, 20.0, 58.0, 60.0, 0.0, 40.0]","[90.0, 76.5, 68.34, 73.69, 60.54, 49.0, 64.92, 74.73, 80.03, 68.96, 69.1, 78.88, 81.79, 79.2, 80.75, 79.52, 74.54, 76.38, 72.81, 68.76, 81.1, 85.2, 83.67, 81.77, 79.73, 65.52, 61.61, 69.86, 73.18, 66.39, 57.0, 61.09, 61.15, 57.13, 59.45, 61.99, 52.84, 47.07, 54.93, 45.96, 49.42, 50.55, 50.93, 46.15, 43.26, 43.06, 37.56, 58.64, 49.08, 40.75, 36.37, 32.08, 27.52, 27.15, 25.61, 22.89, 20.85, 26.04, 19.48]"
83,[31],"[0, 26, 27, 30, 21, 18, 28, 19, 20, 23, 24, 51, 29, 22, 38, 37, 35, 39, 41, 40, 45, 33, 48, 52, 46, 56, 34, 53, 36, 17, 47, 57, 25, 49, 3, 32, 13, 1, 5, 2, 58, 43, 12, 59, 15, 54, 42, 55, 8, 7, 6, 50, 4, 16, 9, 14, 10, 11, 44]","[45.0, 82.0, 84.0, 77.0, 82.0, 34.0, 86.0, 88.0, 89.0, 66.0, 88.0, 85.0, 79.0, 72.0, 88.0, 91.0, 94.0, 88.0, 91.0, 87.0, 26.0, 73.0, 73.0, 44.0, 28.0, 20.0, 91.0, 68.0, 85.0, 36.0, 65.0, 4.0, 55.0, 44.0, 22.0, 60.0, 9.0, 12.0, 5.0, 8.0, 0.0, 5.0, 40.0, 0.0, 6.0, 58.0, 20.0, 0.0, 98.0, 91.0, 90.0, 7.0, 0.0, 91.0, 90.0, 91.0, 81.0, 80.0, 32.0]","[22.0, 36.26, 65.92, 77.77, 72.31, 79.93, 76.74, 75.59, 83.78, 85.76, 82.68, 67.06, 70.84, 73.69, 64.49, 77.84, 80.3, 87.02, 86.69, 88.34, 83.19, 83.41, 82.72, 80.58, 70.63, 66.92, 65.1, 68.29, 74.27, 57.86, 58.05, 50.94, 40.64, 40.98, 39.76, 36.85, 42.02, 36.43, 30.12, 24.06, 25.95, 20.38, 18.2, 15.74, 15.0, 12.02, 26.53, 27.82, 20.69, 62.54, 46.92, 43.81, 43.95, 19.51, 46.41, 31.15, 25.69, 30.45, 18.59]"
84,[46],"[0, 32, 2, 58, 31, 25, 36, 48, 47, 52, 34, 53, 35, 37, 23, 56, 38, 20, 19, 24, 21, 22, 18, 27, 28, 30, 26, 49, 29, 33, 41, 40, 39, 51, 45, 17, 5, 50, 3, 13, 43, 12, 1, 59, 15, 54, 42, 55, 57, 8, 7, 4, 6, 16, 9, 14, 10, 11, 44]","[45.0, 60.0, 8.0, 0.0, 22.0, 55.0, 85.0, 73.0, 65.0, 44.0, 91.0, 68.0, 94.0, 91.0, 66.0, 20.0, 88.0, 89.0, 88.0, 88.0, 82.0, 72.0, 34.0, 84.0, 86.0, 77.0, 82.0, 44.0, 79.0, 73.0, 91.0, 87.0, 88.0, 85.0, 26.0, 36.0, 5.0, 7.0, 22.0, 9.0, 5.0, 40.0, 12.0, 0.0, 6.0, 58.0, 20.0, 0.0, 4.0, 98.0, 91.0, 0.0, 90.0, 91.0, 90.0, 91.0, 81.0, 80.0, 32.0]","[28.0, 39.9, 50.33, 42.86, 42.93, 40.55, 45.09, 59.49, 65.9, 61.71, 62.67, 67.34, 59.12, 72.81, 73.71, 73.38, 68.77, 62.86, 70.8, 71.3, 69.31, 76.7, 77.43, 70.97, 82.27, 83.45, 78.92, 58.11, 58.37, 61.78, 68.59, 75.09, 80.41, 79.56, 49.22, 43.3, 39.63, 31.49, 27.97, 23.46, 23.59, 17.34, 18.52, 16.11, 14.51, 13.38, 29.27, 28.35, 27.87, 14.21, 46.28, 38.04, 33.25, 17.25, 38.94, 31.14, 27.53, 27.41, 17.78]"
85,[12],"[0, 6, 7, 11, 42, 5, 10, 16, 9, 50, 32, 14, 13, 1, 4, 8, 58, 2, 59, 46, 49, 29, 53, 31, 38, 37, 35, 51, 41, 33, 39, 40, 22, 56, 34, 23, 20, 19, 24, 21, 18, 30, 26, 28, 27, 36, 48, 25, 47, 52, 45, 17, 57, 3, 44, 43, 54, 55, 15]","[45.0, 90.0, 91.0, 80.0, 20.0, 5.0, 81.0, 91.0, 90.0, 7.0, 60.0, 91.0, 9.0, 12.0, 0.0, 98.0, 0.0, 8.0, 0.0, 28.0, 44.0, 79.0, 68.0, 22.0, 88.0, 91.0, 94.0, 85.0, 91.0, 73.0, 88.0, 87.0, 72.0, 20.0, 91.0, 66.0, 89.0, 88.0, 88.0, 82.0, 34.0, 77.0, 82.0, 86.0, 84.0, 85.0, 73.0, 55.0, 65.0, 44.0, 26.0, 36.0, 4.0, 22.0, 32.0, 5.0, 58.0, 0.0, 6.0]","[40.0, 43.2, 70.0, 80.64, 77.85, 77.32, 64.88, 70.61, 75.32, 69.72, 59.48, 60.72, 61.62, 56.79, 58.57, 54.37, 52.5, 49.05, 44.26, 45.25, 42.18, 43.29, 52.6, 52.17, 55.05, 57.96, 59.54, 72.26, 73.62, 77.92, 81.07, 78.72, 62.58, 66.52, 58.64, 55.28, 63.58, 73.39, 75.81, 71.43, 69.59, 55.79, 71.37, 75.98, 79.4, 56.27, 58.21, 58.12, 56.84, 54.26, 57.05, 50.83, 44.28, 35.77, 35.16, 32.28, 28.82, 37.8, 24.83]"
86,[50],"[0, 3, 28, 30, 27, 26, 23, 20, 24, 19, 21, 22, 18, 51, 29, 38, 37, 33, 35, 41, 40, 39, 56, 53, 34, 36, 48, 46, 32, 31, 47, 52, 17, 45, 25, 59, 49, 13, 5, 57, 1, 58, 2, 12, 54, 42, 55, 8, 7, 4, 6, 44, 43, 11, 16, 10, 9, 14, 15]","[45.0, 22.0, 86.0, 77.0, 84.0, 82.0, 66.0, 89.0, 88.0, 88.0, 82.0, 72.0, 34.0, 85.0, 79.0, 88.0, 91.0, 73.0, 94.0, 91.0, 87.0, 88.0, 20.0, 68.0, 91.0, 85.0, 73.0, 28.0, 60.0, 22.0, 65.0, 44.0, 36.0, 26.0, 55.0, 0.0, 44.0, 9.0, 5.0, 4.0, 12.0, 0.0, 8.0, 40.0, 58.0, 20.0, 0.0, 98.0, 91.0, 0.0, 90.0, 32.0, 5.0, 80.0, 91.0, 81.0, 90.0, 91.0, 6.0]","[7.0, 34.36, 31.87, 60.12, 66.95, 68.98, 76.68, 72.11, 79.8, 80.52, 74.57, 76.61, 70.84, 69.94, 69.79, 63.45, 72.6, 79.63, 77.52, 84.14, 85.22, 85.16, 79.65, 68.11, 68.72, 70.92, 71.02, 61.71, 61.09, 59.37, 57.19, 58.53, 52.75, 55.94, 44.97, 42.77, 44.51, 39.3, 32.38, 30.8, 24.84, 24.94, 21.64, 17.1, 17.47, 37.18, 26.08, 27.66, 53.38, 44.18, 48.49, 30.09, 27.1, 25.13, 37.93, 46.78, 49.58, 41.73, 26.98]"
87,[9],"[0, 50, 16, 43, 13, 26, 28, 30, 27, 23, 20, 24, 19, 21, 22, 35, 18, 38, 37, 41, 40, 39, 33, 51, 29, 53, 36, 48, 34, 46, 4, 52, 57, 31, 47, 56, 17, 6, 1, 11, 10, 25, 49, 5, 14, 45, 7, 8, 2, 3, 55, 15, 58, 44, 42, 54, 32, 59, 12]","[45.0, 7.0, 91.0, 5.0, 9.0, 82.0, 86.0, 77.0, 84.0, 66.0, 89.0, 88.0, 88.0, 82.0, 72.0, 94.0, 34.0, 88.0, 91.0, 91.0, 87.0, 88.0, 73.0, 85.0, 79.0, 68.0, 85.0, 73.0, 91.0, 28.0, 0.0, 44.0, 4.0, 22.0, 65.0, 20.0, 36.0, 90.0, 12.0, 80.0, 81.0, 55.0, 44.0, 5.0, 91.0, 26.0, 91.0, 98.0, 8.0, 22.0, 0.0, 6.0, 0.0, 32.0, 20.0, 58.0, 60.0, 0.0, 40.0]","[90.0, 76.5, 68.34, 73.69, 60.54, 49.0, 64.92, 74.73, 80.03, 68.96, 69.1, 78.88, 81.79, 79.2, 80.75, 79.52, 74.54, 76.38, 72.81, 68.76, 81.1, 85.2, 83.67, 81.77, 79.73, 65.52, 61.61, 69.86, 73.18, 66.39, 57.0, 61.09, 61.15, 57.13, 59.45, 61.99, 52.84, 47.07, 54.93, 45.96, 49.42, 50.55, 50.93, 46.15, 43.26, 43.06, 37.56, 58.64, 49.08, 40.75, 36.37, 32.08, 27.52, 27.15, 25.61, 22.89, 20.85, 26.04, 19.48]"
88,[25],"[0, 47, 48, 50, 37, 38, 35, 30, 33, 26, 27, 28, 34, 36, 53, 23, 20, 24, 19, 51, 39, 40, 41, 29, 56, 21, 22, 32, 18, 46, 31, 45, 17, 52, 13, 59, 49, 1, 58, 5, 2, 3, 42, 54, 57, 55, 8, 7, 6, 4, 44, 43, 12, 16, 9, 14, 10, 11, 15]","[45.0, 65.0, 73.0, 7.0, 91.0, 88.0, 94.0, 77.0, 73.0, 82.0, 84.0, 86.0, 91.0, 85.0, 68.0, 66.0, 89.0, 88.0, 88.0, 85.0, 88.0, 87.0, 91.0, 79.0, 20.0, 82.0, 72.0, 60.0, 34.0, 28.0, 22.0, 26.0, 36.0, 44.0, 9.0, 0.0, 44.0, 12.0, 0.0, 5.0, 8.0, 22.0, 20.0, 58.0, 4.0, 0.0, 98.0, 91.0, 90.0, 0.0, 32.0, 5.0, 40.0, 91.0, 90.0, 91.0, 81.0, 80.0, 6.0]","[55.0, 51.6, 58.5, 61.86, 51.82, 68.98, 69.8, 77.73, 79.42, 78.11, 79.04, 80.69, 78.68, 83.6, 84.65, 74.03, 70.51, 77.83, 75.41, 71.26, 81.18, 77.41, 81.66, 70.22, 70.47, 77.8, 81.49, 72.21, 74.19, 69.21, 61.98, 56.74, 46.84, 48.31, 45.07, 37.12, 44.51, 35.6, 27.67, 29.38, 21.62, 22.87, 19.64, 19.8, 30.82, 27.72, 26.92, 56.68, 47.88, 37.72, 29.01, 29.73, 20.0, 21.28, 44.29, 31.67, 31.36, 32.9, 20.96]"
89,[5],"[0, 28, 30, 27, 26, 24, 20, 19, 21, 18, 23, 22, 29, 51, 38, 37, 35, 41, 39, 40, 33, 56, 53, 34, 48, 36, 47, 52, 46, 17, 49, 45, 57, 32, 31, 1, 25, 13, 3, 58, 43, 12, 2, 59, 54, 42, 55, 8, 7, 50, 4, 6, 11, 10, 16, 9, 14, 15, 44]","[45.0, 86.0, 77.0, 84.0, 82.0, 88.0, 89.0, 88.0, 82.0, 34.0, 66.0, 72.0, 79.0, 85.0, 88.0, 91.0, 94.0, 91.0, 88.0, 87.0, 73.0, 20.0, 68.0, 91.0, 73.0, 85.0, 65.0, 44.0, 28.0, 36.0, 44.0, 26.0, 4.0, 60.0, 22.0, 12.0, 55.0, 9.0, 22.0, 0.0, 5.0, 40.0, 8.0, 0.0, 58.0, 20.0, 0.0, 98.0, 91.0, 7.0, 0.0, 90.0, 80.0, 81.0, 91.0, 90.0, 91.0, 6.0, 32.0]","[5.0, 30.2, 59.53, 70.1, 71.08, 65.72, 82.15, 85.56, 83.7, 82.35, 86.05, 65.43, 67.41, 71.91, 64.16, 78.16, 81.68, 87.37, 88.93, 88.98, 83.7, 80.29, 69.15, 71.91, 67.95, 74.74, 70.11, 68.45, 63.91, 62.99, 54.0, 53.14, 47.29, 45.02, 51.29, 39.62, 40.71, 35.34, 25.59, 26.04, 22.6, 22.14, 22.29, 18.91, 13.97, 28.24, 29.2, 20.33, 54.59, 41.89, 48.47, 39.71, 21.4, 32.53, 44.77, 44.38, 42.89, 25.84, 22.04]"
90,[13],"[0, 26, 30, 27, 28, 24, 20, 19, 23, 21, 18, 51, 29, 22, 38, 37, 35, 41, 39, 40, 33, 45, 56, 53, 34, 36, 48, 46, 17, 47, 52, 57, 25, 31, 49, 3, 5, 32, 1, 58, 2, 54, 42, 7, 8, 6, 50, 4, 44, 43, 59, 55, 12, 11, 10, 16, 9, 14, 15]","[45.0, 82.0, 77.0, 84.0, 86.0, 88.0, 89.0, 88.0, 66.0, 82.0, 34.0, 85.0, 79.0, 72.0, 88.0, 91.0, 94.0, 91.0, 88.0, 87.0, 73.0, 26.0, 20.0, 68.0, 91.0, 85.0, 73.0, 28.0, 36.0, 65.0, 44.0, 4.0, 55.0, 22.0, 44.0, 22.0, 5.0, 60.0, 12.0, 0.0, 8.0, 58.0, 20.0, 91.0, 98.0, 90.0, 7.0, 0.0, 32.0, 5.0, 0.0, 0.0, 40.0, 80.0, 81.0, 91.0, 90.0, 91.0, 6.0]","[9.0, 34.92, 65.81, 74.42, 71.95, 73.91, 83.16, 85.02, 86.91, 86.42, 82.68, 68.74, 68.56, 71.31, 67.13, 78.05, 81.85, 84.12, 86.5, 86.93, 84.22, 81.34, 81.82, 71.67, 71.63, 71.03, 68.93, 68.75, 58.36, 54.71, 54.6, 51.46, 42.45, 45.16, 34.99, 35.64, 29.95, 27.85, 31.76, 28.11, 22.78, 20.71, 43.05, 28.48, 53.02, 45.96, 50.2, 40.87, 29.53, 30.02, 26.53, 22.2, 18.99, 19.87, 44.61, 46.1, 52.32, 43.9, 24.94]"
91,[5],"[0, 28, 30, 27, 26, 24, 20, 19, 21, 18, 23, 22, 29, 51, 38, 37, 35, 41, 39, 40, 33, 56, 53, 34, 48, 36, 47, 52, 46, 17, 49, 45, 57, 32, 31, 1, 25, 13, 3, 58, 43, 12, 2, 59, 54, 42, 55, 8, 7, 50, 4, 6, 11, 10, 16, 9, 14, 15, 44]","[45.0, 86.0, 77.0, 84.0, 82.0, 88.0, 89.0, 88.0, 82.0, 34.0, 66.0, 72.0, 79.0, 85.0, 88.0, 91.0, 94.0, 91.0, 88.0, 87.0, 73.0, 20.0, 68.0, 91.0, 73.0, 85.0, 65.0, 44.0, 28.0, 36.0, 44.0, 26.0, 4.0, 60.0, 22.0, 12.0, 55.0, 9.0, 22.0, 0.0, 5.0, 40.0, 8.0, 0.0, 58.0, 20.0, 0.0, 98.0, 91.0, 7.0, 0.0, 90.0, 80.0, 81.0, 91.0, 90.0, 91.0, 6.0, 32.0]","[5.0, 30.2, 59.53, 70.1, 71.08, 65.72, 82.15, 85.56, 83.7, 82.35, 86.05, 65.43, 67.41, 71.91, 64.16, 78.16, 81.68, 87.37, 88.93, 88.98, 83.7, 80.29, 69.15, 71.91, 67.95, 74.74, 70.11, 68.45, 63.91, 62.99, 54.0, 53.14, 47.29, 45.02, 51.29, 39.62, 40.71, 35.34, 25.59, 26.04, 22.6, 22.14, 22.29, 18.91, 13.97, 28.24, 29.2, 20.33, 54.59, 41.89, 48.47, 39.71, 21.4, 32.53, 44.77, 44.38, 42.89, 25.84, 22.04]"
92,[26],"[0, 18, 30, 28, 27, 23, 20, 19, 24, 51, 37, 38, 36, 53, 52, 35, 39, 41, 40, 48, 33, 43, 34, 29, 46, 47, 56, 32, 31, 2, 25, 17, 49, 21, 22, 45, 58, 5, 3, 13, 59, 1, 12, 50, 16, 4, 9, 6, 10, 11, 14, 7, 8, 15, 57, 54, 42, 55, 44]","[45.0, 34.0, 77.0, 86.0, 84.0, 66.0, 89.0, 88.0, 88.0, 85.0, 91.0, 88.0, 85.0, 68.0, 44.0, 94.0, 88.0, 91.0, 87.0, 73.0, 73.0, 5.0, 91.0, 79.0, 28.0, 65.0, 20.0, 60.0, 22.0, 8.0, 55.0, 36.0, 44.0, 82.0, 72.0, 26.0, 0.0, 5.0, 22.0, 9.0, 0.0, 12.0, 40.0, 7.0, 91.0, 0.0, 90.0, 90.0, 81.0, 80.0, 91.0, 91.0, 98.0, 6.0, 4.0, 58.0, 20.0, 0.0, 32.0]","[82.0, 72.38, 69.03, 72.68, 78.61, 67.43, 68.42, 78.78, 83.68, 70.04, 71.35, 80.8, 81.23, 83.35, 79.44, 79.52, 84.97, 84.38, 86.8, 82.49, 79.63, 77.42, 73.9, 75.73, 68.05, 65.54, 64.71, 61.78, 63.71, 52.06, 48.38, 46.05, 36.8, 38.96, 63.28, 45.59, 38.12, 35.79, 26.84, 22.8, 19.78, 18.02, 19.07, 16.32, 15.01, 30.36, 24.43, 38.78, 48.39, 40.43, 42.87, 25.33, 54.87, 36.26, 36.34, 26.81, 40.64, 20.07, 18.53]"
93,[58],"[0, 3, 2, 46, 28, 30, 26, 27, 23, 20, 19, 24, 21, 22, 18, 51, 29, 36, 53, 37, 38, 35, 41, 40, 39, 33, 48, 34, 47, 52, 56, 17, 25, 49, 45, 31, 5, 50, 32, 13, 43, 1, 12, 59, 15, 54, 42, 55, 57, 8, 7, 6, 4, 44, 16, 9, 14, 10, 11]","[45.0, 22.0, 8.0, 28.0, 86.0, 77.0, 82.0, 84.0, 66.0, 89.0, 88.0, 88.0, 82.0, 72.0, 34.0, 85.0, 79.0, 85.0, 68.0, 91.0, 88.0, 94.0, 91.0, 87.0, 88.0, 73.0, 73.0, 91.0, 65.0, 44.0, 20.0, 36.0, 55.0, 44.0, 26.0, 22.0, 5.0, 7.0, 60.0, 9.0, 5.0, 12.0, 40.0, 0.0, 6.0, 58.0, 20.0, 0.0, 4.0, 98.0, 91.0, 90.0, 0.0, 32.0, 91.0, 90.0, 91.0, 81.0, 80.0]","[0.0, 32.85, 32.06, 26.8, 27.99, 59.67, 67.74, 77.89, 61.52, 66.81, 77.25, 74.16, 71.35, 78.13, 72.34, 69.91, 72.57, 45.93, 71.88, 73.8, 76.61, 79.7, 81.12, 85.43, 85.49, 84.27, 82.63, 75.54, 73.49, 69.54, 59.29, 60.2, 51.42, 48.9, 45.59, 44.54, 32.22, 29.19, 26.91, 24.45, 23.29, 16.48, 17.56, 16.06, 16.27, 14.93, 25.97, 28.26, 28.1, 16.14, 47.42, 41.95, 33.53, 18.23, 19.5, 44.64, 32.6, 36.32, 33.84]"
94,[34],"[0, 53, 25, 36, 48, 35, 33, 51, 23, 27, 30, 56, 28, 26, 39, 41, 40, 37, 38, 20, 24, 19, 21, 22, 29, 31, 46, 18, 57, 47, 52, 45, 17, 3, 49, 32, 2, 13, 5, 43, 58, 12, 1, 59, 50, 15, 54, 42, 55, 8, 7, 6, 4, 16, 9, 14, 10, 11, 44]","[45.0, 68.0, 55.0, 85.0, 73.0, 94.0, 73.0, 85.0, 66.0, 84.0, 77.0, 20.0, 86.0, 82.0, 88.0, 91.0, 87.0, 91.0, 88.0, 89.0, 88.0, 88.0, 82.0, 72.0, 79.0, 22.0, 28.0, 34.0, 4.0, 65.0, 44.0, 26.0, 36.0, 22.0, 44.0, 60.0, 8.0, 9.0, 5.0, 5.0, 0.0, 40.0, 12.0, 0.0, 7.0, 6.0, 58.0, 20.0, 0.0, 98.0, 91.0, 90.0, 0.0, 91.0, 90.0, 91.0, 81.0, 80.0, 32.0]","[91.0, 78.58, 73.52, 71.77, 72.12, 73.74, 83.37, 81.19, 86.11, 80.02, 82.79, 81.66, 78.69, 78.8, 75.65, 77.66, 80.5, 78.68, 79.23, 71.68, 78.05, 79.86, 79.38, 81.04, 77.27, 73.1, 69.42, 73.33, 56.17, 55.18, 61.45, 49.71, 40.73, 38.98, 36.1, 34.34, 41.92, 33.29, 29.09, 28.05, 25.32, 20.29, 24.83, 20.14, 14.25, 13.76, 13.2, 30.6, 28.91, 17.42, 47.89, 37.18, 37.41, 21.17, 40.42, 32.98, 28.15, 30.14, 21.93]"
95,[48],"[0, 52, 47, 41, 40, 39, 51, 33, 57, 23, 37, 35, 43, 27, 30, 28, 34, 20, 24, 36, 53, 26, 19, 38, 29, 22, 21, 18, 46, 31, 56, 17, 45, 25, 49, 3, 13, 12, 5, 32, 1, 58, 2, 15, 54, 55, 42, 6, 50, 10, 9, 16, 11, 14, 4, 7, 8, 59, 44]","[45.0, 44.0, 65.0, 91.0, 87.0, 88.0, 85.0, 73.0, 4.0, 66.0, 91.0, 94.0, 5.0, 84.0, 77.0, 86.0, 91.0, 89.0, 88.0, 85.0, 68.0, 82.0, 88.0, 88.0, 79.0, 72.0, 82.0, 34.0, 28.0, 22.0, 20.0, 36.0, 26.0, 55.0, 44.0, 22.0, 9.0, 40.0, 5.0, 60.0, 12.0, 0.0, 8.0, 6.0, 58.0, 0.0, 20.0, 90.0, 7.0, 81.0, 90.0, 91.0, 80.0, 91.0, 0.0, 91.0, 98.0, 0.0, 32.0]","[73.0, 63.76, 58.14, 58.45, 75.95, 84.43, 83.91, 82.31, 80.11, 78.15, 72.67, 74.09, 76.51, 76.81, 80.77, 79.72, 77.85, 74.99, 80.49, 77.9, 70.59, 73.8, 75.02, 72.14, 81.39, 75.1, 75.45, 69.93, 73.41, 58.77, 62.04, 50.48, 42.42, 36.84, 40.56, 41.01, 33.09, 28.49, 34.54, 29.44, 29.83, 23.38, 20.73, 15.22, 12.64, 25.36, 25.66, 20.46, 49.74, 28.98, 34.74, 42.13, 40.66, 43.63, 41.71, 29.88, 54.62, 26.92, 20.67]"
96,[23],"[0, 19, 21, 22, 24, 20, 30, 18, 28, 27, 26, 29, 51, 38, 37, 35, 41, 40, 39, 47, 33, 52, 45, 56, 34, 53, 36, 48, 46, 32, 31, 1, 17, 25, 59, 49, 3, 58, 5, 8, 7, 16, 4, 42, 6, 50, 2, 57, 9, 14, 10, 11, 44, 15, 13, 43, 54, 55, 12]","[45.0, 88.0, 82.0, 72.0, 88.0, 89.0, 77.0, 34.0, 86.0, 84.0, 82.0, 79.0, 85.0, 88.0, 91.0, 94.0, 91.0, 87.0, 88.0, 65.0, 73.0, 44.0, 26.0, 20.0, 91.0, 68.0, 85.0, 73.0, 28.0, 60.0, 22.0, 12.0, 36.0, 55.0, 0.0, 44.0, 22.0, 0.0, 5.0, 98.0, 91.0, 91.0, 0.0, 20.0, 90.0, 7.0, 8.0, 4.0, 90.0, 91.0, 81.0, 80.0, 32.0, 6.0, 9.0, 5.0, 58.0, 0.0, 40.0]","[66.0, 61.38, 79.26, 81.24, 77.86, 78.4, 81.2, 80.65, 75.97, 78.81, 80.02, 74.1, 74.64, 65.93, 76.96, 81.52, 85.48, 87.82, 87.27, 85.2, 82.41, 76.75, 78.25, 69.39, 70.58, 73.26, 73.23, 75.81, 69.33, 63.46, 64.48, 55.94, 51.05, 44.86, 40.69, 44.67, 34.06, 37.2, 30.62, 29.95, 68.54, 63.17, 76.37, 50.81, 52.05, 49.96, 47.55, 35.17, 37.35, 33.81, 31.46, 33.36, 29.62, 33.8, 30.76, 31.37, 26.65, 24.23, 18.67]"
97,[12],"[0, 6, 7, 11, 42, 5, 10, 16, 9, 50, 32, 14, 13, 1, 4, 8, 58, 2, 59, 46, 49, 29, 53, 31, 38, 37, 35, 51, 41, 33, 39, 40, 22, 56, 34, 23, 20, 19, 24, 21, 18, 30, 26, 28, 27, 36, 48, 25, 47, 52, 45, 17, 57, 3, 44, 43, 54, 55, 15]","[45.0, 90.0, 91.0, 80.0, 20.0, 5.0, 81.0, 91.0, 90.0, 7.0, 60.0, 91.0, 9.0, 12.0, 0.0, 98.0, 0.0, 8.0, 0.0, 28.0, 44.0, 79.0, 68.0, 22.0, 88.0, 91.0, 94.0, 85.0, 91.0, 73.0, 88.0, 87.0, 72.0, 20.0, 91.0, 66.0, 89.0, 88.0, 88.0, 82.0, 34.0, 77.0, 82.0, 86.0, 84.0, 85.0, 73.0, 55.0, 65.0, 44.0, 26.0, 36.0, 4.0, 22.0, 32.0, 5.0, 58.0, 0.0, 6.0]","[40.0, 43.2, 70.0, 80.64, 77.85, 77.32, 64.88, 70.61, 75.32, 69.72, 59.48, 60.72, 61.62, 56.79, 58.57, 54.37, 52.5, 49.05, 44.26, 45.25, 42.18, 43.29, 52.6, 52.17, 55.05, 57.96, 59.54, 72.26, 73.62, 77.92, 81.07, 78.72, 62.58, 66.52, 58.64, 55.28, 63.58, 73.39, 75.81, 71.43, 69.59, 55.79, 71.37, 75.98, 79.4, 56.27, 58.21, 58.12, 56.84, 54.26, 57.05, 50.83, 44.28, 35.77, 35.16, 32.28, 28.82, 37.8, 24.83]"
98,[22],"[0, 18, 21, 19, 23, 24, 20, 51, 39, 40, 57, 41, 47, 33, 35, 37, 38, 29, 28, 27, 30, 26, 48, 36, 46, 53, 34, 52, 32, 31, 56, 17, 45, 25, 12, 1, 49, 5, 13, 3, 54, 42, 55, 58, 7, 8, 4, 6, 50, 2, 44, 43, 11, 10, 9, 16, 14, 59, 15]","[45.0, 34.0, 82.0, 88.0, 66.0, 88.0, 89.0, 85.0, 88.0, 87.0, 4.0, 91.0, 65.0, 73.0, 94.0, 91.0, 88.0, 79.0, 86.0, 84.0, 77.0, 82.0, 73.0, 85.0, 28.0, 68.0, 91.0, 44.0, 60.0, 22.0, 20.0, 36.0, 26.0, 55.0, 40.0, 12.0, 44.0, 5.0, 9.0, 22.0, 58.0, 20.0, 0.0, 0.0, 91.0, 98.0, 0.0, 90.0, 7.0, 8.0, 32.0, 5.0, 80.0, 81.0, 90.0, 91.0, 91.0, 0.0, 6.0]","[72.0, 65.79, 57.19, 69.43, 78.85, 75.52, 76.94, 71.89, 73.68, 79.02, 78.0, 77.11, 83.22, 81.14, 79.99, 84.27, 83.3, 85.42, 81.44, 84.07, 83.39, 82.1, 81.47, 78.19, 78.36, 77.85, 74.55, 69.5, 59.9, 62.65, 62.9, 56.44, 52.09, 47.4, 45.65, 46.69, 42.99, 42.78, 33.61, 34.6, 26.2, 41.42, 32.28, 29.66, 27.81, 53.61, 50.38, 47.21, 42.15, 37.07, 29.95, 30.34, 30.5, 38.63, 37.82, 56.9, 39.21, 28.74, 30.38]"
99,[25],"[0, 47, 48, 50, 37, 38, 35, 30, 33, 26, 27, 28, 34, 36, 53, 23, 20, 24, 19, 51, 39, 40, 41, 29, 56, 21, 22, 32, 18, 46, 31, 45, 17, 52, 13, 59, 49, 1, 58, 5, 2, 3, 42, 54, 57, 55, 8, 7, 6, 4, 44, 43, 12, 16, 9, 14, 10, 11, 15]","[45.0, 65.0, 73.0, 7.0, 91.0, 88.0, 94.0, 77.0, 73.0, 82.0, 84.0, 86.0, 91.0, 85.0, 68.0, 66.0, 89.0, 88.0, 88.0, 85.0, 88.0, 87.0, 91.0, 79.0, 20.0, 82.0, 72.0, 60.0, 34.0, 28.0, 22.0, 26.0, 36.0, 44.0, 9.0, 0.0, 44.0, 12.0, 0.0, 5.0, 8.0, 22.0, 20.0, 58.0, 4.0, 0.0, 98.0, 91.0, 90.0, 0.0, 32.0, 5.0, 40.0, 91.0, 90.0, 91.0, 81.0, 80.0, 6.0]","[55.0, 51.6, 58.5, 61.86, 51.82, 68.98, 69.8, 77.73, 79.42, 78.11, 79.04, 80.69, 78.68, 83.6, 84.65, 74.03, 70.51, 77.83, 75.41, 71.26, 81.18, 77.41, 81.66, 70.22, 70.47, 77.8, 81.49, 72.21, 74.19, 69.21, 61.98, 56.74, 46.84, 48.31, 45.07, 37.12, 44.51, 35.6, 27.67, 29.38, 21.62, 22.87, 19.64, 19.8, 30.82, 27.72, 26.92, 56.68, 47.88, 37.72, 29.01, 29.73, 20.0, 21.28, 44.29, 31.67, 31.36, 32.9, 20.96]"
