selected_indices_per_step,actual_rewards_per_step,predicted_rewards_per_step
"[0, 9, 10, 24, 11, 1, 6, 32, 2, 5, 14, 3, 13, 16, 12, 49, 4, 31, 15, 25, 8, 7, 18, 48, 21, 17, 22, 19, 46, 42, 50, 54, 57, 20, 44, 43, 45, 23, 59, 51, 53, 29, 28, 30, 27, 38, 37, 39, 36, 26, 52, 55, 40, 41, 33, 34, 35, 58, 56, 47]","[69, 63, 69, 45, 72, 83, 67, 70, 78, 79, 81, 65, 62, 53, 60, 76, 52, 58, 45, 59, 78, 74, 47, 2, 40, 40, 40, 31, 1, 57, 34, 39, 2, 28, 48, 33, 8, 29, 0, 21, 21, 13, 12, 24, 19, 15, 42, 18, 10, 14, 8, 23, 25, 15, 6, 11, 38, 2, 12, 1]","[67.69, 64.65, 77.42, 60.8, 64.81, 76.27, 74.27, 70.93, 72.09, 73.74, 68.6, 64.72, 63.47, 55.33, 56.93, 58.22, 56.96, 57.5, 53.7, 52.71, 64.89, 46.75, 52.24, 55.37, 42.48, 38.55, 35.72, 40.49, 27.7, 38.9, 33.57, 30.77, 28.77, 29.07, 36.48, 27.48, 26.53, 22.16, 18.92, 18.17, 18.94, 16.82, 15.13, 17.87, 15.46, 15.11, 16.91, 18.15, 16.66, 15.02, 14.75, 15.78, 15.33, 13.43, 10.15, 9.17, 9.48, 9.06, 7.6]"
"[1, 9, 10, 2, 0, 22, 11, 14, 6, 5, 3, 32, 13, 16, 12, 49, 4, 25, 15, 31, 8, 7, 18, 21, 24, 19, 46, 17, 42, 50, 54, 44, 43, 45, 20, 57, 23, 51, 29, 53, 28, 59, 27, 30, 38, 37, 39, 36, 26, 52, 55, 33, 40, 41, 34, 35, 56, 47, 58, 48]","[83, 63, 69, 78, 69, 40, 72, 81, 67, 79, 65, 70, 62, 53, 60, 76, 52, 59, 45, 58, 78, 74, 47, 40, 45, 31, 1, 40, 57, 34, 39, 48, 33, 8, 28, 2, 29, 21, 13, 21, 12, 0, 19, 24, 15, 42, 18, 10, 14, 8, 23, 6, 25, 15, 11, 38, 12, 1, 2, 2]","[75.62, 70.61, 78.93, 76.89, 74.42, 73.57, 73.36, 75.8, 73.67, 72.67, 73.1, 68.82, 64.09, 56.24, 55.81, 64.57, 59.38, 60.4, 54.97, 52.11, 66.01, 44.22, 40.65, 33.93, 33.65, 58.2, 36.79, 30.63, 46.89, 36.35, 32.82, 39.71, 37.23, 29.55, 29.7, 27.67, 20.55, 21.62, 19.73, 19.61, 18.9, 15.76, 16.1, 16.41, 15.46, 16.89, 15.71, 15.72, 15.73, 16.19, 14.71, 14.61, 15.5, 13.1, 9.75, 10.58, 10.77, 8.53, 4.88]"
"[2, 9, 10, 1, 0, 21, 14, 6, 5, 3, 13, 11, 32, 16, 12, 49, 4, 25, 15, 31, 8, 7, 18, 38, 46, 24, 17, 22, 19, 42, 50, 54, 44, 43, 59, 45, 20, 23, 57, 29, 51, 28, 53, 30, 27, 37, 36, 39, 26, 34, 52, 55, 40, 41, 33, 47, 35, 56, 58, 48]","[78, 63, 69, 83, 69, 40, 81, 67, 79, 65, 62, 72, 70, 53, 60, 76, 52, 59, 45, 58, 78, 74, 47, 15, 1, 45, 40, 40, 31, 57, 34, 39, 48, 33, 0, 8, 28, 29, 2, 13, 21, 12, 21, 24, 19, 42, 10, 18, 14, 11, 8, 23, 25, 15, 6, 1, 38, 12, 2, 2]","[75.12, 68.88, 77.57, 76.29, 76.45, 75.36, 77.32, 71.91, 71.69, 68.25, 72.16, 68.96, 65.21, 56.0, 56.41, 64.61, 59.29, 60.73, 53.31, 50.63, 65.61, 44.99, 63.69, 51.89, 38.25, 38.79, 38.99, 36.83, 30.0, 43.46, 36.11, 33.29, 39.78, 33.31, 29.09, 27.85, 26.07, 20.88, 18.51, 17.88, 17.1, 15.12, 15.91, 18.44, 15.02, 17.46, 17.16, 15.39, 16.76, 16.51, 14.42, 14.13, 14.33, 12.84, 11.39, 9.47, 9.06, 7.56, 5.39]"
"[3, 9, 10, 11, 30, 6, 8, 7, 14, 37, 16, 1, 5, 2, 32, 4, 0, 13, 49, 25, 31, 15, 12, 46, 18, 21, 17, 24, 22, 19, 42, 50, 44, 43, 54, 45, 29, 20, 57, 23, 27, 38, 36, 53, 28, 51, 59, 39, 52, 26, 34, 55, 40, 41, 33, 35, 47, 56, 58, 48]","[65, 63, 69, 72, 24, 67, 78, 74, 81, 42, 53, 83, 79, 78, 70, 52, 69, 62, 76, 59, 58, 45, 60, 1, 47, 40, 40, 45, 40, 31, 57, 34, 48, 33, 39, 8, 13, 28, 2, 29, 19, 15, 10, 21, 12, 21, 0, 18, 8, 14, 11, 23, 25, 15, 6, 38, 1, 12, 2, 2]","[66.34, 62.63, 66.25, 78.63, 72.38, 69.49, 71.08, 67.54, 76.42, 71.32, 67.36, 71.23, 71.83, 64.11, 65.74, 65.96, 66.11, 65.36, 63.99, 58.8, 57.7, 54.33, 50.25, 50.57, 45.06, 40.28, 38.3, 39.46, 37.67, 34.7, 39.07, 37.29, 44.49, 41.44, 37.55, 31.55, 29.86, 29.2, 26.73, 26.41, 23.64, 23.28, 21.14, 21.74, 19.17, 18.44, 16.76, 16.65, 15.68, 14.72, 16.62, 14.35, 14.45, 13.63, 10.69, 10.88, 8.66, 7.8, 5.83]"
"[4, 9, 10, 11, 1, 32, 6, 2, 5, 14, 3, 16, 53, 0, 13, 49, 18, 8, 7, 25, 12, 15, 21, 31, 46, 24, 22, 17, 19, 42, 50, 54, 44, 43, 57, 45, 20, 23, 51, 29, 28, 59, 34, 27, 30, 38, 52, 37, 55, 39, 26, 36, 40, 41, 33, 35, 47, 56, 58, 48]","[52, 63, 69, 72, 83, 70, 67, 78, 79, 81, 65, 53, 21, 69, 62, 76, 47, 78, 74, 59, 60, 45, 40, 58, 1, 45, 40, 40, 31, 57, 34, 39, 48, 33, 2, 8, 28, 29, 21, 13, 12, 0, 11, 19, 24, 15, 8, 42, 23, 18, 14, 10, 25, 15, 6, 38, 1, 12, 2, 2]","[64.59, 61.99, 71.23, 76.43, 75.99, 75.04, 72.81, 70.93, 68.51, 71.9, 73.03, 90.74, 68.13, 62.72, 59.12, 52.37, 52.17, 61.1, 59.75, 55.26, 56.68, 50.35, 56.95, 52.57, 41.14, 40.42, 39.27, 36.19, 31.64, 44.22, 37.29, 33.65, 39.06, 35.44, 31.52, 28.71, 25.24, 20.93, 20.52, 17.49, 17.03, 15.62, 15.54, 15.52, 15.33, 15.42, 14.6, 16.63, 15.98, 15.62, 14.63, 13.51, 15.85, 13.69, 10.99, 11.92, 10.78, 8.58, 6.64]"
"[5, 9, 1, 0, 2, 22, 10, 6, 11, 14, 3, 32, 13, 16, 4, 12, 49, 25, 15, 31, 8, 7, 18, 21, 24, 19, 46, 17, 42, 50, 54, 44, 43, 45, 20, 57, 23, 59, 53, 29, 51, 27, 28, 30, 38, 26, 37, 39, 36, 52, 55, 34, 40, 41, 33, 47, 56, 35, 58, 48]","[79, 63, 83, 69, 78, 40, 69, 67, 72, 81, 65, 70, 62, 53, 52, 60, 76, 59, 45, 58, 78, 74, 47, 40, 45, 31, 1, 40, 57, 34, 39, 48, 33, 8, 28, 2, 29, 0, 21, 13, 21, 19, 12, 24, 15, 14, 42, 18, 10, 8, 23, 11, 25, 15, 6, 1, 12, 38, 2, 2]","[73.33, 67.49, 81.72, 78.1, 75.08, 77.04, 72.28, 73.07, 70.71, 73.98, 70.26, 66.61, 64.22, 57.03, 55.68, 58.22, 56.68, 56.39, 55.23, 52.36, 65.49, 44.47, 39.83, 33.75, 34.45, 56.97, 35.94, 32.03, 44.07, 35.78, 32.97, 42.97, 36.62, 29.14, 28.85, 26.51, 21.73, 19.96, 21.47, 18.42, 17.8, 17.61, 15.87, 16.29, 15.63, 15.08, 17.83, 18.75, 17.32, 15.44, 14.35, 14.45, 15.27, 13.97, 10.33, 8.71, 9.76, 8.53, 4.79]"
"[6, 9, 10, 11, 30, 32, 14, 16, 1, 5, 3, 2, 0, 13, 8, 4, 7, 49, 25, 12, 31, 15, 46, 18, 21, 22, 24, 19, 17, 42, 50, 44, 43, 54, 45, 20, 57, 23, 53, 29, 27, 28, 59, 51, 38, 26, 37, 52, 36, 39, 55, 34, 40, 41, 33, 35, 47, 56, 58, 48]","[67, 63, 69, 72, 24, 70, 81, 53, 83, 79, 65, 78, 69, 62, 78, 52, 74, 76, 59, 60, 58, 45, 1, 47, 40, 40, 45, 31, 40, 57, 34, 48, 33, 39, 8, 28, 2, 29, 21, 13, 19, 12, 0, 21, 15, 14, 42, 8, 10, 18, 23, 11, 25, 15, 6, 38, 1, 12, 2, 2]","[65.29, 60.33, 73.12, 76.71, 64.91, 69.14, 71.51, 65.42, 72.92, 72.2, 70.62, 69.67, 67.79, 61.48, 70.44, 64.56, 61.97, 64.49, 55.64, 57.0, 57.49, 58.59, 53.48, 45.39, 39.41, 37.86, 37.0, 35.86, 32.36, 42.66, 35.3, 40.8, 40.39, 37.05, 29.4, 28.96, 27.26, 21.45, 22.79, 20.88, 19.89, 18.26, 17.92, 15.52, 14.8, 15.04, 18.28, 16.75, 14.51, 14.38, 14.72, 13.16, 14.53, 12.8, 10.18, 13.5, 10.12, 9.23, 7.14]"
"[7, 9, 6, 24, 36, 10, 21, 11, 8, 14, 1, 2, 5, 4, 32, 0, 3, 13, 16, 49, 25, 15, 31, 12, 18, 46, 22, 19, 17, 42, 50, 54, 44, 43, 57, 45, 20, 23, 51, 29, 59, 34, 28, 30, 27, 53, 52, 38, 37, 55, 26, 39, 33, 40, 41, 47, 35, 56, 58, 48]","[74, 63, 67, 45, 10, 69, 40, 72, 78, 81, 83, 78, 79, 52, 70, 69, 65, 62, 53, 76, 59, 45, 58, 60, 47, 1, 40, 31, 40, 57, 34, 39, 48, 33, 2, 8, 28, 29, 21, 13, 0, 11, 12, 24, 19, 21, 8, 15, 42, 23, 14, 18, 6, 25, 15, 1, 38, 12, 2, 2]","[72.69, 66.22, 78.46, 75.3, 67.97, 73.2, 75.41, 69.25, 65.17, 71.45, 71.05, 72.34, 63.8, 59.97, 65.5, 65.17, 64.22, 59.46, 58.97, 60.91, 51.87, 55.53, 52.99, 47.21, 46.12, 39.73, 38.31, 35.92, 29.7, 36.43, 34.4, 33.32, 39.26, 29.75, 27.44, 28.32, 25.57, 19.36, 19.16, 16.31, 16.67, 16.5, 14.69, 16.61, 17.56, 14.71, 13.74, 13.78, 16.25, 15.1, 14.68, 13.36, 12.73, 13.46, 11.73, 9.41, 9.87, 7.91, 4.54]"
"[8, 9, 10, 19, 11, 6, 7, 0, 38, 3, 1, 14, 5, 2, 4, 32, 13, 16, 25, 49, 31, 12, 15, 46, 18, 21, 24, 17, 22, 42, 50, 54, 44, 43, 57, 45, 20, 23, 51, 29, 59, 28, 53, 30, 27, 52, 37, 55, 26, 39, 36, 33, 40, 34, 41, 35, 56, 47, 58, 48]","[78, 63, 69, 31, 72, 67, 74, 69, 15, 65, 83, 81, 79, 78, 52, 70, 62, 53, 59, 76, 58, 60, 45, 1, 47, 40, 45, 40, 40, 57, 34, 39, 48, 33, 2, 8, 28, 29, 21, 13, 0, 12, 21, 24, 19, 8, 42, 23, 14, 18, 10, 6, 25, 11, 15, 38, 12, 1, 2, 2]","[73.21, 68.14, 70.03, 76.67, 72.94, 70.08, 60.37, 70.71, 67.24, 66.82, 76.2, 73.79, 72.47, 65.36, 62.67, 65.2, 63.43, 58.93, 63.1, 56.35, 55.0, 58.64, 47.12, 48.18, 39.73, 36.67, 37.18, 36.43, 29.46, 40.94, 33.98, 34.97, 40.24, 32.01, 30.09, 27.18, 25.64, 19.34, 19.03, 18.26, 16.76, 15.25, 15.28, 17.14, 15.21, 14.35, 17.09, 15.32, 14.75, 15.09, 14.09, 12.76, 14.69, 14.13, 9.11, 10.53, 10.85, 8.57, 4.97]"
"[9, 1, 6, 0, 2, 22, 14, 3, 5, 11, 10, 32, 13, 16, 12, 49, 4, 25, 15, 31, 8, 7, 18, 21, 24, 19, 46, 17, 42, 50, 54, 44, 43, 45, 20, 57, 23, 59, 51, 53, 29, 28, 30, 27, 34, 52, 38, 37, 39, 55, 36, 26, 33, 40, 41, 35, 47, 56, 58, 48]","[63, 83, 67, 69, 78, 40, 81, 65, 79, 72, 69, 70, 62, 53, 60, 76, 52, 59, 45, 58, 78, 74, 47, 40, 45, 31, 1, 40, 57, 34, 39, 48, 33, 8, 28, 2, 29, 0, 21, 21, 13, 12, 24, 19, 11, 8, 15, 42, 18, 23, 10, 14, 6, 25, 15, 38, 1, 12, 2, 2]","[57.89, 69.51, 80.42, 78.19, 76.03, 74.96, 67.36, 67.51, 75.02, 73.82, 70.89, 67.05, 65.38, 54.86, 57.54, 65.52, 59.92, 57.19, 52.0, 49.48, 65.66, 44.42, 40.64, 33.71, 33.72, 55.05, 36.7, 31.87, 44.28, 37.17, 33.29, 41.04, 34.73, 29.26, 29.38, 27.36, 23.01, 19.94, 19.9, 22.71, 19.05, 15.96, 17.45, 15.45, 15.49, 14.2, 14.72, 15.0, 15.73, 15.53, 15.63, 13.11, 12.68, 13.09, 9.87, 11.16, 9.56, 7.82, 6.01]"
"[10, 9, 1, 0, 2, 22, 6, 11, 14, 3, 5, 32, 13, 16, 12, 49, 4, 25, 31, 15, 8, 7, 18, 21, 24, 19, 46, 17, 42, 50, 54, 44, 43, 45, 57, 20, 23, 59, 53, 29, 27, 30, 28, 51, 38, 37, 39, 36, 26, 33, 55, 52, 40, 41, 34, 35, 56, 47, 58, 48]","[69, 63, 83, 69, 78, 40, 67, 72, 81, 65, 79, 70, 62, 53, 60, 76, 52, 59, 58, 45, 78, 74, 47, 40, 45, 31, 1, 40, 57, 34, 39, 48, 33, 8, 2, 28, 29, 0, 21, 13, 19, 24, 12, 21, 15, 42, 18, 10, 14, 6, 23, 8, 25, 15, 11, 38, 12, 1, 2, 2]","[64.87, 60.72, 80.47, 73.95, 75.8, 74.08, 72.01, 70.92, 73.18, 69.67, 69.8, 66.42, 63.73, 55.85, 56.09, 64.63, 54.08, 56.28, 55.22, 49.19, 66.93, 43.34, 40.14, 33.65, 34.31, 57.31, 35.23, 31.22, 43.95, 35.13, 32.5, 43.36, 37.5, 29.48, 30.21, 27.95, 22.82, 20.3, 21.6, 19.16, 19.54, 19.94, 17.88, 16.14, 15.23, 17.53, 17.11, 15.37, 15.54, 17.48, 15.77, 13.79, 15.2, 10.57, 10.59, 10.09, 9.75, 8.34, 3.95]"
"[11, 9, 6, 10, 30, 32, 14, 16, 1, 5, 3, 2, 0, 13, 8, 4, 7, 49, 25, 12, 46, 31, 18, 15, 21, 24, 22, 17, 19, 42, 50, 44, 43, 54, 57, 45, 20, 23, 53, 29, 27, 28, 59, 51, 52, 38, 26, 37, 39, 55, 36, 40, 41, 33, 34, 35, 56, 47, 58, 48]","[72, 63, 67, 69, 24, 70, 81, 53, 83, 79, 65, 78, 69, 62, 78, 52, 74, 76, 59, 60, 1, 58, 47, 45, 40, 45, 40, 40, 31, 57, 34, 48, 33, 39, 2, 8, 28, 29, 21, 13, 19, 12, 0, 21, 8, 15, 14, 42, 18, 23, 10, 25, 15, 6, 11, 38, 12, 1, 2, 2]","[67.29, 63.51, 75.06, 75.21, 63.87, 70.82, 71.15, 65.3, 73.27, 71.64, 70.5, 70.17, 68.13, 61.64, 70.94, 62.84, 62.03, 61.54, 57.5, 57.5, 52.73, 52.2, 48.58, 46.28, 40.97, 40.04, 37.38, 36.56, 33.7, 42.18, 34.74, 41.19, 39.63, 35.91, 30.31, 28.96, 24.52, 24.72, 23.37, 21.72, 19.87, 21.9, 17.02, 16.16, 14.82, 14.67, 14.32, 18.39, 16.62, 16.16, 15.44, 14.31, 13.09, 13.26, 10.06, 11.31, 9.42, 7.26, 4.82]"
"[12, 9, 10, 11, 24, 6, 1, 14, 16, 5, 32, 3, 2, 13, 0, 49, 4, 15, 31, 25, 18, 8, 7, 48, 21, 17, 22, 46, 19, 42, 50, 44, 54, 43, 45, 20, 57, 23, 59, 51, 29, 53, 28, 37, 38, 30, 52, 27, 26, 55, 39, 36, 33, 40, 41, 34, 35, 56, 47, 58]","[60, 63, 69, 72, 45, 67, 83, 81, 53, 79, 70, 65, 78, 62, 69, 76, 52, 45, 58, 59, 47, 78, 74, 2, 40, 40, 40, 1, 31, 57, 34, 48, 39, 33, 8, 28, 2, 29, 0, 21, 13, 21, 12, 42, 15, 24, 8, 19, 14, 23, 18, 10, 6, 25, 15, 11, 38, 12, 1, 2]","[66.99, 61.86, 64.84, 76.71, 72.33, 64.98, 69.1, 71.24, 73.4, 74.57, 69.97, 69.93, 67.42, 66.4, 57.8, 61.99, 58.94, 56.24, 55.26, 54.9, 54.5, 65.86, 54.45, 56.08, 42.01, 39.01, 37.61, 37.22, 30.35, 39.15, 33.72, 40.81, 40.9, 35.18, 30.39, 28.85, 26.08, 20.82, 18.79, 18.84, 17.69, 18.27, 15.03, 22.38, 21.57, 17.75, 17.82, 15.8, 15.15, 15.57, 14.07, 13.26, 13.13, 14.31, 9.11, 9.03, 9.35, 7.04, 6.56]"
"[13, 9, 10, 1, 2, 0, 22, 6, 11, 5, 14, 32, 3, 16, 49, 4, 12, 25, 8, 7, 15, 31, 18, 21, 24, 19, 46, 17, 42, 50, 54, 44, 43, 45, 20, 57, 23, 29, 51, 53, 28, 59, 30, 27, 38, 37, 52, 39, 36, 26, 55, 34, 40, 41, 33, 35, 47, 56, 58, 48]","[62, 63, 69, 83, 78, 69, 40, 67, 72, 79, 81, 70, 65, 53, 76, 52, 60, 59, 78, 74, 45, 58, 47, 40, 45, 31, 1, 40, 57, 34, 39, 48, 33, 8, 28, 2, 29, 13, 21, 21, 12, 0, 24, 19, 15, 42, 8, 18, 10, 14, 23, 11, 25, 15, 6, 38, 1, 12, 2, 2]","[66.32, 62.33, 65.53, 78.38, 75.99, 73.13, 72.9, 70.9, 71.78, 70.65, 68.62, 65.7, 59.4, 55.71, 62.94, 59.96, 54.65, 54.37, 60.63, 58.51, 52.62, 43.03, 40.65, 33.93, 34.06, 50.99, 36.25, 29.23, 39.61, 32.94, 30.71, 39.88, 31.73, 30.64, 28.22, 27.89, 22.26, 19.89, 18.77, 19.12, 18.94, 15.52, 17.9, 15.35, 15.05, 15.91, 16.54, 15.18, 16.11, 13.99, 14.08, 14.53, 15.3, 13.9, 10.05, 10.57, 9.88, 6.49, 5.38]"
"[14, 9, 6, 11, 5, 13, 25, 10, 50, 32, 1, 3, 8, 7, 38, 2, 4, 0, 49, 16, 31, 12, 15, 18, 46, 21, 24, 17, 22, 19, 42, 54, 44, 43, 45, 20, 59, 23, 29, 57, 51, 28, 53, 30, 27, 52, 37, 39, 26, 36, 33, 55, 40, 41, 34, 35, 56, 47, 58, 48]","[81, 63, 67, 72, 79, 62, 59, 69, 34, 70, 83, 65, 78, 74, 15, 78, 52, 69, 76, 53, 58, 60, 45, 47, 1, 40, 45, 40, 40, 31, 57, 39, 48, 33, 8, 28, 0, 29, 13, 2, 21, 12, 21, 24, 19, 8, 42, 18, 14, 10, 6, 23, 25, 15, 11, 38, 12, 1, 2, 2]","[74.18, 72.34, 68.85, 71.51, 75.18, 73.77, 70.78, 70.41, 72.45, 69.97, 72.28, 69.51, 72.56, 87.72, 75.68, 70.56, 67.59, 66.78, 61.92, 58.78, 54.16, 55.95, 51.88, 47.38, 42.4, 36.38, 39.07, 38.86, 35.55, 32.44, 33.27, 32.85, 39.02, 33.44, 27.23, 27.01, 25.55, 21.15, 20.1, 17.59, 17.93, 15.29, 15.84, 17.94, 15.45, 14.55, 15.63, 15.51, 15.96, 14.41, 16.01, 13.56, 14.4, 12.85, 10.39, 10.67, 10.65, 7.6, 5.83]"
"[15, 9, 1, 0, 2, 11, 6, 10, 32, 5, 13, 14, 16, 3, 49, 27, 4, 8, 7, 31, 25, 18, 12, 21, 24, 22, 19, 46, 17, 42, 50, 44, 43, 54, 45, 20, 57, 23, 29, 53, 51, 28, 59, 30, 38, 52, 37, 39, 55, 36, 26, 40, 41, 34, 33, 35, 56, 47, 58, 48]","[45, 63, 83, 69, 78, 72, 67, 69, 70, 79, 62, 81, 53, 65, 76, 19, 52, 78, 74, 58, 59, 47, 60, 40, 45, 40, 31, 1, 40, 57, 34, 48, 33, 39, 8, 28, 2, 29, 13, 21, 21, 12, 0, 24, 15, 8, 42, 18, 23, 10, 14, 25, 15, 11, 6, 38, 12, 1, 2, 2]","[61.59, 57.89, 80.01, 73.98, 79.0, 79.53, 74.15, 72.79, 71.41, 61.21, 60.53, 76.28, 55.21, 58.71, 86.02, 67.31, 65.46, 66.07, 49.64, 48.43, 44.71, 43.19, 37.08, 33.68, 35.78, 34.82, 48.31, 36.42, 30.85, 42.49, 37.23, 41.2, 39.94, 31.7, 28.69, 28.03, 27.9, 21.05, 19.85, 19.12, 17.73, 17.9, 15.68, 15.34, 15.06, 14.38, 16.68, 15.96, 15.31, 15.26, 14.86, 15.43, 12.2, 12.83, 9.69, 10.96, 9.48, 8.66, 5.51]"
"[16, 9, 1, 0, 3, 11, 13, 2, 10, 49, 6, 25, 32, 12, 30, 14, 5, 4, 15, 8, 7, 31, 17, 18, 21, 22, 46, 24, 19, 42, 50, 54, 44, 43, 45, 20, 57, 23, 53, 29, 27, 28, 51, 59, 38, 52, 26, 37, 36, 39, 55, 40, 41, 34, 33, 35, 47, 56, 58, 48]","[53, 63, 83, 69, 65, 72, 62, 78, 69, 76, 67, 59, 70, 60, 24, 81, 79, 52, 45, 78, 74, 58, 40, 47, 40, 40, 1, 45, 31, 57, 34, 39, 48, 33, 8, 28, 2, 29, 21, 13, 19, 12, 21, 0, 15, 8, 14, 42, 10, 18, 23, 25, 15, 11, 6, 38, 1, 12, 2, 2]","[62.21, 58.17, 71.95, 71.4, 67.14, 67.99, 69.03, 68.93, 70.6, 69.29, 73.12, 70.21, 62.16, 62.63, 71.11, 67.96, 62.2, 60.35, 56.3, 63.08, 54.13, 57.5, 44.22, 41.09, 36.19, 55.69, 37.66, 36.63, 35.26, 43.0, 36.7, 36.73, 40.83, 35.35, 29.33, 28.05, 27.3, 22.08, 24.67, 22.88, 19.74, 17.55, 17.6, 16.78, 15.88, 15.03, 14.7, 16.23, 15.24, 15.5, 14.05, 15.31, 13.91, 12.92, 10.63, 10.93, 10.48, 8.52, 5.87]"
"[17, 9, 1, 11, 10, 6, 16, 0, 49, 32, 2, 13, 12, 5, 14, 18, 8, 7, 3, 31, 25, 4, 21, 38, 15, 46, 24, 22, 19, 42, 50, 54, 44, 43, 45, 20, 57, 23, 29, 51, 59, 53, 30, 27, 28, 37, 36, 39, 26, 52, 40, 55, 33, 41, 34, 35, 56, 47, 48, 58]","[40, 63, 83, 72, 69, 67, 53, 69, 76, 70, 78, 62, 60, 79, 81, 47, 78, 74, 65, 58, 59, 52, 40, 15, 45, 1, 45, 40, 31, 57, 34, 39, 48, 33, 8, 28, 2, 29, 13, 21, 0, 21, 24, 19, 12, 42, 10, 18, 14, 8, 25, 23, 6, 15, 11, 38, 12, 1, 2, 2]","[62.58, 58.38, 83.87, 79.75, 74.02, 73.18, 72.49, 69.04, 64.3, 66.34, 64.96, 61.35, 58.57, 59.51, 51.59, 52.7, 65.05, 63.73, 51.88, 50.33, 48.91, 40.99, 66.95, 59.27, 51.3, 39.69, 40.14, 35.99, 31.62, 39.19, 35.49, 34.97, 39.4, 32.11, 27.75, 26.99, 25.87, 20.65, 19.14, 18.82, 17.57, 18.02, 20.39, 19.03, 15.29, 17.03, 15.95, 15.96, 15.92, 13.96, 14.92, 14.83, 14.76, 12.09, 10.3, 10.68, 10.88, 6.69, 6.27]"
"[18, 9, 1, 11, 10, 2, 3, 14, 6, 5, 32, 0, 13, 16, 4, 12, 25, 49, 31, 15, 46, 8, 7, 21, 24, 17, 53, 22, 19, 42, 50, 54, 43, 44, 45, 20, 23, 57, 29, 51, 28, 59, 27, 30, 38, 26, 37, 52, 55, 39, 33, 36, 40, 41, 34, 47, 56, 35, 58, 48]","[47, 63, 83, 72, 69, 78, 65, 81, 67, 79, 70, 69, 62, 53, 52, 60, 59, 76, 58, 45, 1, 78, 74, 40, 45, 40, 21, 40, 31, 57, 34, 39, 33, 48, 8, 28, 29, 2, 13, 21, 12, 0, 19, 24, 15, 14, 42, 8, 23, 18, 6, 10, 25, 15, 11, 1, 12, 38, 2, 2]","[63.41, 60.55, 65.26, 66.39, 66.83, 68.87, 68.04, 72.65, 69.1, 69.65, 68.46, 68.37, 64.53, 67.9, 65.74, 63.89, 61.58, 62.19, 63.04, 60.63, 55.86, 67.72, 55.97, 43.25, 42.52, 47.89, 39.24, 36.07, 30.78, 40.34, 34.57, 33.82, 32.97, 34.22, 30.81, 26.87, 25.89, 22.97, 19.99, 17.53, 16.74, 15.19, 16.5, 16.31, 15.62, 14.66, 17.67, 17.82, 15.1, 15.21, 13.75, 13.86, 14.45, 12.7, 10.0, 8.53, 8.84, 6.66, 5.26]"
"[19, 9, 1, 11, 10, 6, 14, 8, 7, 3, 16, 32, 2, 5, 4, 0, 13, 46, 49, 25, 31, 18, 12, 15, 21, 22, 24, 17, 20, 42, 50, 54, 44, 43, 45, 23, 57, 53, 29, 51, 59, 28, 27, 30, 38, 52, 37, 39, 36, 26, 55, 40, 41, 33, 34, 35, 56, 47, 58, 48]","[31, 63, 83, 72, 69, 67, 81, 78, 74, 65, 53, 70, 78, 79, 52, 69, 62, 1, 76, 59, 58, 47, 60, 45, 40, 40, 45, 40, 28, 57, 34, 39, 48, 33, 8, 29, 2, 21, 13, 21, 0, 12, 19, 24, 15, 8, 42, 18, 10, 14, 23, 25, 15, 6, 11, 38, 12, 1, 2, 2]","[62.13, 58.55, 66.37, 76.3, 66.23, 60.73, 67.79, 65.47, 64.21, 63.15, 62.84, 63.2, 71.57, 71.77, 70.61, 68.15, 65.73, 61.24, 61.2, 50.77, 47.55, 44.04, 49.94, 43.17, 38.7, 36.65, 36.63, 29.73, 29.84, 42.34, 35.65, 33.55, 39.99, 33.59, 27.75, 25.6, 21.16, 20.89, 20.9, 20.12, 18.46, 14.43, 16.53, 15.88, 15.6, 14.52, 16.86, 16.87, 14.42, 14.54, 13.15, 15.15, 13.21, 11.82, 10.86, 10.07, 10.17, 6.67, 5.26]"
"[20, 9, 1, 10, 14, 6, 11, 16, 32, 8, 7, 2, 0, 3, 5, 13, 4, 49, 25, 31, 18, 12, 21, 15, 24, 22, 19, 46, 17, 42, 50, 54, 44, 43, 45, 57, 23, 59, 29, 53, 51, 28, 30, 27, 38, 52, 37, 39, 26, 33, 36, 55, 34, 40, 41, 35, 47, 56, 58, 48]","[28, 63, 83, 69, 81, 67, 72, 53, 70, 78, 74, 78, 69, 65, 79, 62, 52, 76, 59, 58, 47, 60, 40, 45, 45, 40, 31, 1, 40, 57, 34, 39, 48, 33, 8, 2, 29, 0, 13, 21, 21, 12, 24, 19, 15, 8, 42, 18, 14, 6, 10, 23, 11, 25, 15, 38, 1, 12, 2, 2]","[61.34, 57.77, 69.68, 71.92, 80.45, 74.87, 68.72, 67.08, 59.7, 67.56, 57.81, 57.65, 56.46, 59.05, 69.11, 69.07, 56.01, 48.53, 51.74, 43.81, 39.87, 37.71, 64.28, 31.7, 34.59, 34.88, 59.8, 37.89, 28.54, 44.5, 33.67, 33.89, 40.13, 33.41, 25.73, 25.95, 22.06, 19.49, 19.12, 18.73, 18.96, 15.93, 18.51, 16.79, 15.78, 14.48, 16.89, 16.84, 15.63, 15.7, 15.11, 12.99, 12.95, 14.6, 10.23, 11.26, 9.2, 8.58, 4.85]"
"[21, 9, 1, 14, 6, 3, 2, 5, 11, 10, 32, 0, 16, 13, 12, 49, 4, 25, 15, 31, 8, 7, 18, 38, 46, 24, 17, 22, 19, 42, 50, 54, 44, 43, 45, 20, 23, 57, 59, 51, 53, 30, 27, 29, 28, 37, 39, 36, 52, 26, 55, 33, 34, 40, 41, 35, 56, 47, 58, 48]","[40, 63, 83, 81, 67, 65, 78, 79, 72, 69, 70, 69, 53, 62, 60, 76, 52, 59, 45, 58, 78, 74, 47, 15, 1, 45, 40, 40, 31, 57, 34, 39, 48, 33, 8, 28, 29, 2, 0, 21, 21, 24, 19, 13, 12, 42, 18, 10, 8, 14, 23, 6, 11, 25, 15, 38, 12, 1, 2, 2]","[62.8, 57.84, 69.03, 65.61, 64.69, 65.22, 68.6, 74.11, 73.8, 71.76, 67.98, 68.81, 67.39, 58.84, 55.34, 63.18, 56.09, 59.14, 53.34, 51.64, 66.86, 43.96, 63.76, 51.58, 41.13, 40.46, 38.53, 36.16, 30.7, 44.07, 36.32, 32.09, 38.27, 30.23, 27.16, 26.0, 27.1, 18.96, 18.56, 17.91, 18.64, 22.49, 22.12, 20.01, 15.13, 16.73, 16.28, 14.79, 13.99, 15.63, 14.53, 15.27, 13.0, 13.61, 10.22, 10.15, 10.56, 8.21, 5.52]"
"[22, 9, 1, 14, 6, 3, 2, 5, 10, 11, 32, 0, 13, 16, 4, 12, 49, 25, 15, 31, 8, 7, 18, 21, 24, 19, 46, 17, 42, 50, 54, 44, 43, 45, 20, 57, 23, 59, 53, 29, 51, 30, 27, 28, 38, 37, 39, 36, 52, 26, 55, 33, 40, 41, 34, 35, 47, 56, 58, 48]","[40, 63, 83, 81, 67, 65, 78, 79, 69, 72, 70, 69, 62, 53, 52, 60, 76, 59, 45, 58, 78, 74, 47, 40, 45, 31, 1, 40, 57, 34, 39, 48, 33, 8, 28, 2, 29, 0, 21, 13, 21, 24, 19, 12, 15, 42, 18, 10, 8, 14, 23, 6, 25, 15, 11, 38, 1, 12, 2, 2]","[63.25, 58.42, 69.03, 64.37, 65.56, 65.39, 66.28, 75.77, 75.07, 72.28, 67.18, 67.89, 64.97, 59.06, 57.56, 55.99, 59.06, 56.79, 53.94, 52.05, 64.8, 42.19, 40.77, 33.7, 33.43, 57.02, 35.8, 30.53, 45.58, 37.91, 33.31, 42.46, 37.37, 29.3, 29.26, 27.02, 21.55, 20.47, 21.25, 19.01, 18.05, 20.42, 19.15, 16.08, 14.7, 17.69, 17.09, 16.22, 14.83, 14.3, 13.94, 13.29, 14.76, 13.23, 10.1, 11.24, 8.28, 7.42, 5.86]"
"[23, 9, 1, 0, 2, 10, 6, 11, 32, 5, 14, 16, 13, 49, 18, 3, 8, 4, 7, 46, 25, 31, 12, 15, 21, 22, 24, 17, 19, 42, 50, 54, 44, 43, 45, 20, 57, 53, 29, 59, 28, 51, 30, 27, 38, 52, 37, 39, 26, 36, 55, 33, 34, 40, 41, 56, 35, 47, 48, 58]","[29, 63, 83, 69, 78, 69, 67, 72, 70, 79, 81, 53, 62, 76, 47, 65, 78, 52, 74, 1, 59, 58, 60, 45, 40, 40, 45, 40, 31, 57, 34, 39, 48, 33, 8, 28, 2, 21, 13, 0, 12, 21, 24, 19, 15, 8, 42, 18, 14, 10, 23, 6, 11, 25, 15, 12, 38, 1, 2, 2]","[62.13, 58.72, 79.38, 76.8, 83.42, 80.84, 74.03, 72.41, 71.83, 74.21, 71.45, 63.69, 57.09, 50.99, 52.82, 47.68, 72.1, 63.15, 60.94, 61.39, 46.93, 42.99, 48.44, 41.83, 36.63, 36.11, 37.65, 35.47, 29.68, 42.13, 33.89, 32.64, 40.27, 34.06, 29.7, 27.37, 20.94, 22.74, 19.93, 19.11, 17.53, 15.78, 18.99, 16.43, 15.18, 14.45, 15.48, 16.46, 15.87, 14.16, 14.0, 13.65, 12.71, 14.96, 9.98, 9.62, 11.02, 7.03, 8.09]"
"[24, 9, 1, 2, 10, 6, 11, 32, 5, 14, 0, 3, 13, 16, 4, 49, 12, 31, 18, 15, 25, 8, 7, 48, 21, 17, 22, 19, 42, 50, 46, 54, 44, 43, 45, 20, 57, 23, 59, 51, 53, 29, 30, 27, 28, 38, 37, 39, 52, 55, 26, 36, 40, 41, 33, 34, 56, 35, 47, 58]","[45, 63, 83, 78, 69, 67, 72, 70, 79, 81, 69, 65, 62, 53, 52, 76, 60, 58, 47, 45, 59, 78, 74, 2, 40, 40, 40, 31, 57, 34, 1, 39, 48, 33, 8, 28, 2, 29, 0, 21, 21, 13, 24, 19, 12, 15, 42, 18, 8, 23, 14, 10, 25, 15, 6, 11, 12, 38, 1, 2]","[63.29, 59.02, 66.81, 83.75, 81.78, 76.17, 72.96, 71.66, 73.0, 70.28, 69.99, 65.8, 63.93, 58.18, 58.57, 62.84, 58.16, 56.85, 59.08, 57.78, 53.07, 67.71, 54.3, 57.37, 40.61, 39.34, 37.04, 32.28, 53.4, 42.12, 35.52, 32.22, 38.57, 31.63, 28.16, 27.73, 26.79, 22.28, 20.5, 18.33, 21.49, 18.01, 21.29, 19.15, 15.78, 14.78, 16.49, 16.89, 15.92, 14.46, 13.95, 13.99, 14.31, 12.68, 10.31, 9.06, 9.78, 7.98, 7.33]"
"[25, 9, 6, 26, 10, 1, 2, 11, 5, 14, 32, 3, 4, 0, 13, 49, 8, 7, 16, 31, 15, 18, 12, 46, 21, 24, 22, 17, 19, 42, 50, 54, 44, 43, 45, 20, 57, 23, 29, 51, 59, 53, 28, 30, 27, 38, 34, 52, 37, 39, 55, 36, 40, 41, 33, 58, 35, 56, 47, 48]","[59, 63, 67, 14, 69, 83, 78, 72, 79, 81, 70, 65, 52, 69, 62, 76, 78, 74, 53, 58, 45, 47, 60, 1, 40, 45, 40, 40, 31, 57, 34, 39, 48, 33, 8, 28, 2, 29, 13, 21, 0, 21, 12, 24, 19, 15, 11, 8, 42, 18, 23, 10, 25, 15, 6, 2, 38, 12, 1, 2]","[63.5, 60.13, 74.64, 64.39, 64.32, 69.66, 72.22, 69.51, 70.49, 67.14, 70.89, 68.48, 67.21, 68.24, 66.68, 60.64, 67.2, 62.57, 57.14, 57.23, 51.67, 49.54, 48.49, 45.03, 39.56, 39.52, 37.03, 36.33, 30.04, 42.01, 33.1, 31.15, 38.83, 31.87, 28.87, 27.17, 25.53, 18.95, 17.64, 18.17, 18.0, 18.58, 16.06, 18.26, 16.29, 14.99, 15.43, 14.47, 15.98, 15.65, 15.06, 14.07, 16.18, 12.95, 9.19, 9.89, 11.61, 9.64, 6.66]"
"[26, 9, 1, 14, 2, 6, 5, 3, 0, 32, 13, 11, 10, 4, 49, 25, 8, 7, 16, 31, 15, 18, 12, 46, 21, 24, 22, 17, 19, 42, 50, 54, 44, 43, 45, 20, 57, 23, 59, 29, 51, 53, 28, 52, 30, 27, 38, 37, 36, 39, 55, 40, 41, 34, 33, 35, 47, 56, 58, 48]","[14, 63, 83, 81, 78, 67, 79, 65, 69, 70, 62, 72, 69, 52, 76, 59, 78, 74, 53, 58, 45, 47, 60, 1, 40, 45, 40, 40, 31, 57, 34, 39, 48, 33, 8, 28, 2, 29, 0, 13, 21, 21, 12, 8, 24, 19, 15, 42, 10, 18, 23, 25, 15, 11, 6, 38, 1, 12, 2, 2]","[61.4, 57.53, 73.16, 65.77, 73.39, 70.53, 72.1, 67.29, 64.91, 66.87, 62.92, 72.37, 65.19, 63.28, 61.27, 59.74, 67.99, 61.24, 58.43, 55.94, 52.23, 51.47, 47.29, 48.61, 41.13, 40.23, 38.04, 36.25, 29.86, 41.47, 34.05, 33.03, 39.65, 31.21, 28.77, 27.37, 26.4, 18.57, 19.33, 18.07, 16.9, 17.0, 15.24, 14.47, 17.73, 15.07, 14.6, 16.13, 15.09, 14.06, 15.29, 14.31, 15.11, 12.83, 10.6, 11.55, 9.63, 9.08, 4.59]"
"[27, 9, 1, 14, 2, 6, 5, 3, 0, 32, 13, 11, 10, 8, 4, 16, 7, 49, 25, 12, 31, 18, 15, 21, 24, 22, 19, 46, 17, 42, 50, 54, 44, 43, 45, 20, 57, 23, 29, 59, 53, 30, 28, 51, 38, 52, 26, 37, 36, 39, 55, 40, 34, 41, 33, 47, 35, 56, 58, 48]","[19, 63, 83, 81, 78, 67, 79, 65, 69, 70, 62, 72, 69, 78, 52, 53, 74, 76, 59, 60, 58, 47, 45, 40, 45, 40, 31, 1, 40, 57, 34, 39, 48, 33, 8, 28, 2, 29, 13, 0, 21, 24, 12, 21, 15, 8, 14, 42, 10, 18, 23, 25, 11, 15, 6, 1, 38, 12, 2, 2]","[60.42, 57.7, 73.35, 65.67, 73.43, 70.17, 71.36, 67.72, 65.32, 66.66, 62.61, 69.44, 62.5, 67.0, 72.42, 60.04, 60.85, 59.29, 53.75, 54.46, 43.68, 55.32, 36.94, 32.73, 35.07, 34.59, 45.48, 36.31, 32.69, 46.94, 34.84, 33.41, 39.82, 31.64, 29.93, 26.81, 26.57, 21.3, 18.58, 19.77, 18.63, 19.21, 18.21, 16.46, 15.44, 14.74, 14.74, 16.1, 15.14, 13.38, 13.42, 14.81, 13.53, 13.48, 9.81, 8.67, 8.18, 8.04, 7.16]"
"[28, 9, 1, 14, 0, 6, 2, 5, 3, 13, 32, 10, 11, 4, 49, 25, 16, 31, 8, 7, 15, 18, 12, 21, 24, 22, 46, 17, 19, 42, 50, 54, 44, 43, 45, 20, 57, 23, 59, 51, 29, 53, 52, 38, 30, 27, 37, 36, 55, 39, 26, 34, 33, 40, 41, 35, 47, 56, 58, 48]","[12, 63, 83, 81, 69, 67, 78, 79, 65, 62, 70, 69, 72, 52, 76, 59, 53, 58, 78, 74, 45, 47, 60, 40, 45, 40, 1, 40, 31, 57, 34, 39, 48, 33, 8, 28, 2, 29, 0, 21, 13, 21, 8, 15, 24, 19, 42, 10, 23, 18, 14, 11, 6, 25, 15, 38, 1, 12, 2, 2]","[60.47, 58.4, 73.62, 65.04, 70.15, 68.25, 71.33, 70.29, 66.7, 65.49, 72.29, 71.21, 67.03, 65.19, 62.9, 60.67, 61.91, 58.71, 62.63, 57.39, 44.0, 43.44, 38.29, 32.48, 33.8, 45.38, 37.08, 36.44, 29.91, 37.3, 31.49, 34.36, 41.08, 32.11, 27.2, 27.79, 26.11, 19.75, 17.37, 16.76, 15.31, 14.54, 14.42, 13.82, 17.85, 14.98, 16.5, 16.3, 14.93, 15.09, 13.02, 13.19, 13.7, 14.59, 9.22, 10.48, 9.95, 7.26, 5.04]"
"[29, 9, 10, 11, 6, 0, 3, 12, 8, 1, 7, 2, 14, 5, 32, 4, 13, 16, 49, 25, 31, 15, 18, 46, 21, 24, 22, 19, 17, 42, 50, 54, 44, 43, 45, 20, 23, 57, 51, 53, 28, 59, 27, 30, 38, 37, 36, 52, 26, 39, 55, 33, 40, 41, 34, 35, 47, 56, 58, 48]","[13, 63, 69, 72, 67, 69, 65, 60, 78, 83, 74, 78, 81, 79, 70, 52, 62, 53, 76, 59, 58, 45, 47, 1, 40, 45, 40, 31, 40, 57, 34, 39, 48, 33, 8, 28, 29, 2, 21, 21, 12, 0, 19, 24, 15, 42, 10, 8, 14, 18, 23, 6, 25, 15, 11, 38, 1, 12, 2, 2]","[60.78, 57.91, 75.07, 70.5, 67.36, 65.57, 59.62, 56.79, 65.47, 64.03, 61.99, 71.22, 72.28, 67.98, 68.99, 67.65, 68.0, 66.68, 63.96, 60.22, 57.74, 47.29, 44.88, 42.25, 38.46, 38.62, 36.25, 33.87, 30.65, 42.68, 31.18, 32.66, 39.65, 34.37, 28.35, 27.5, 24.32, 18.81, 19.0, 18.49, 15.13, 14.61, 15.88, 15.51, 15.09, 17.26, 15.7, 15.05, 15.13, 14.08, 13.28, 13.38, 13.64, 12.93, 9.86, 11.33, 9.12, 9.0, 6.08]"
"[30, 9, 1, 14, 6, 3, 2, 5, 0, 13, 32, 11, 10, 8, 4, 49, 7, 16, 25, 12, 15, 31, 46, 18, 21, 17, 24, 22, 19, 42, 50, 54, 44, 43, 45, 57, 20, 23, 29, 53, 27, 28, 51, 38, 59, 34, 52, 37, 39, 26, 36, 55, 40, 41, 33, 35, 56, 48, 58, 47]","[24, 63, 83, 81, 67, 65, 78, 79, 69, 62, 70, 72, 69, 78, 52, 76, 74, 53, 59, 60, 45, 58, 1, 47, 40, 40, 45, 40, 31, 57, 34, 39, 48, 33, 8, 2, 28, 29, 13, 21, 19, 12, 21, 15, 0, 11, 8, 42, 18, 14, 10, 23, 25, 15, 6, 38, 12, 2, 2, 1]","[60.86, 57.66, 73.8, 66.02, 66.17, 65.04, 70.23, 68.85, 68.04, 64.57, 66.71, 68.58, 62.37, 69.44, 60.66, 64.72, 62.6, 60.58, 53.61, 60.45, 49.94, 55.97, 53.04, 46.61, 38.87, 38.38, 38.74, 35.71, 30.82, 43.58, 36.07, 32.74, 38.67, 31.91, 30.4, 29.55, 26.28, 23.6, 21.73, 21.13, 19.57, 18.91, 16.89, 16.09, 17.33, 15.67, 15.04, 15.02, 15.86, 16.14, 14.31, 13.99, 14.12, 13.38, 10.66, 10.79, 12.29, 8.7, 8.06]"
"[31, 9, 10, 11, 0, 1, 32, 2, 6, 5, 49, 13, 22, 14, 3, 16, 4, 12, 25, 8, 7, 15, 18, 21, 24, 19, 46, 17, 42, 50, 54, 44, 43, 45, 20, 57, 23, 59, 51, 53, 29, 28, 27, 30, 52, 34, 37, 38, 36, 55, 26, 39, 40, 41, 33, 35, 47, 56, 58, 48]","[58, 63, 69, 72, 69, 83, 70, 78, 67, 79, 76, 62, 40, 81, 65, 53, 52, 60, 59, 78, 74, 45, 47, 40, 45, 31, 1, 40, 57, 34, 39, 48, 33, 8, 28, 2, 29, 0, 21, 21, 13, 12, 19, 24, 8, 11, 42, 15, 10, 23, 14, 18, 25, 15, 6, 38, 1, 12, 2, 2]","[64.69, 61.37, 62.87, 73.87, 65.78, 74.02, 77.14, 78.34, 71.24, 71.09, 68.1, 62.38, 70.91, 69.77, 65.77, 58.31, 57.44, 55.13, 51.84, 64.86, 60.56, 43.72, 40.39, 34.17, 32.86, 51.29, 36.08, 32.28, 44.79, 36.43, 33.18, 42.62, 37.07, 31.21, 27.95, 27.92, 21.39, 19.05, 18.55, 19.65, 18.73, 14.74, 16.36, 15.69, 16.32, 14.45, 21.61, 15.09, 16.68, 15.46, 15.01, 13.07, 14.11, 13.22, 10.42, 11.48, 10.42, 9.27, 6.78]"
"[32, 9, 10, 11, 1, 2, 0, 21, 6, 3, 13, 5, 14, 16, 12, 49, 4, 15, 25, 31, 8, 7, 18, 38, 46, 24, 22, 17, 19, 42, 50, 54, 44, 43, 57, 20, 45, 23, 51, 53, 29, 59, 27, 28, 30, 26, 37, 34, 52, 55, 39, 36, 40, 41, 33, 35, 47, 58, 56, 48]","[70, 63, 69, 72, 83, 78, 69, 40, 67, 65, 62, 79, 81, 53, 60, 76, 52, 45, 59, 58, 78, 74, 47, 15, 1, 45, 40, 40, 31, 57, 34, 39, 48, 33, 2, 28, 8, 29, 21, 21, 13, 0, 19, 12, 24, 14, 42, 11, 8, 23, 18, 10, 25, 15, 6, 38, 1, 2, 12, 2]","[69.25, 66.72, 65.88, 73.81, 78.0, 76.17, 74.09, 71.04, 64.9, 60.46, 60.12, 71.11, 65.49, 56.39, 58.73, 61.28, 53.69, 54.34, 51.17, 51.33, 67.27, 43.74, 65.33, 50.47, 40.6, 38.85, 37.38, 36.94, 29.43, 42.79, 35.7, 33.83, 39.66, 31.96, 26.76, 27.49, 25.43, 19.13, 19.38, 21.87, 20.13, 17.8, 18.0, 15.55, 15.64, 15.34, 18.34, 17.77, 16.7, 16.38, 14.55, 14.98, 16.3, 14.29, 10.57, 11.05, 10.26, 9.14, 5.21]"
"[33, 9, 1, 2, 10, 6, 11, 16, 32, 5, 14, 0, 13, 49, 3, 18, 8, 7, 4, 25, 31, 12, 15, 46, 21, 24, 17, 22, 19, 20, 23, 42, 50, 54, 44, 43, 45, 59, 57, 51, 29, 53, 28, 34, 27, 30, 52, 38, 37, 55, 26, 36, 39, 40, 41, 47, 35, 56, 58, 48]","[6, 63, 83, 78, 69, 67, 72, 53, 70, 79, 81, 69, 62, 76, 65, 47, 78, 74, 52, 59, 58, 60, 45, 1, 40, 45, 40, 40, 31, 28, 29, 57, 34, 39, 48, 33, 8, 0, 2, 21, 13, 21, 12, 11, 19, 24, 8, 15, 42, 23, 14, 10, 18, 25, 15, 1, 38, 12, 2, 2]","[60.35, 58.93, 69.07, 83.66, 81.56, 73.93, 69.89, 68.75, 70.31, 70.09, 67.29, 62.73, 57.11, 54.01, 51.68, 61.73, 71.25, 69.97, 63.6, 58.54, 57.05, 59.96, 48.33, 46.93, 41.34, 40.88, 38.06, 36.19, 28.42, 25.48, 25.46, 41.96, 33.65, 29.58, 40.7, 31.58, 26.01, 22.3, 18.27, 17.56, 16.52, 16.91, 14.74, 15.0, 16.02, 15.54, 14.78, 14.27, 16.22, 16.14, 15.88, 15.04, 13.12, 13.83, 11.26, 9.12, 8.65, 8.95, 7.12]"
"[34, 9, 1, 2, 6, 10, 11, 32, 5, 14, 0, 16, 13, 3, 49, 18, 4, 8, 7, 31, 25, 15, 21, 12, 24, 17, 22, 42, 50, 46, 19, 54, 44, 43, 57, 20, 23, 45, 59, 51, 53, 29, 28, 27, 30, 52, 38, 26, 37, 55, 39, 36, 40, 41, 33, 35, 56, 47, 58, 48]","[11, 63, 83, 78, 67, 69, 72, 70, 79, 81, 69, 53, 62, 65, 76, 47, 52, 78, 74, 58, 59, 45, 40, 60, 45, 40, 40, 57, 34, 1, 31, 39, 48, 33, 2, 28, 29, 8, 0, 21, 21, 13, 12, 19, 24, 8, 15, 14, 42, 23, 18, 10, 25, 15, 6, 38, 12, 1, 2, 2]","[63.18, 57.79, 68.87, 82.98, 81.98, 74.84, 72.4, 70.73, 71.98, 68.13, 67.93, 62.65, 54.97, 56.73, 51.78, 69.55, 59.29, 64.98, 57.88, 60.48, 50.05, 48.84, 46.35, 44.62, 42.28, 40.59, 39.11, 49.24, 45.16, 37.01, 34.06, 32.22, 41.32, 33.38, 28.93, 26.88, 23.42, 22.18, 20.32, 18.48, 19.23, 17.72, 15.46, 16.83, 15.37, 14.49, 14.36, 14.14, 17.1, 16.18, 14.92, 13.89, 14.16, 13.12, 9.41, 11.13, 10.67, 8.21, 5.24]"
"[35, 9, 1, 2, 6, 10, 11, 32, 5, 14, 0, 16, 13, 3, 49, 12, 4, 18, 31, 15, 8, 7, 25, 46, 21, 24, 19, 22, 42, 50, 54, 17, 44, 43, 45, 57, 20, 23, 37, 27, 38, 30, 36, 29, 51, 53, 59, 28, 52, 34, 26, 55, 39, 40, 41, 33, 47, 56, 58, 48]","[38, 63, 83, 78, 67, 69, 72, 70, 79, 81, 69, 53, 62, 65, 76, 60, 52, 47, 58, 45, 78, 74, 59, 1, 40, 45, 31, 40, 57, 34, 39, 40, 48, 33, 8, 2, 28, 29, 42, 19, 15, 24, 10, 13, 21, 21, 0, 12, 8, 11, 14, 23, 18, 25, 15, 6, 1, 12, 2, 2]","[61.12, 60.35, 72.18, 83.91, 82.51, 74.76, 74.19, 70.53, 70.9, 68.22, 67.49, 64.56, 64.62, 56.44, 59.25, 57.3, 50.66, 52.74, 53.6, 51.53, 66.11, 65.27, 54.4, 50.35, 43.01, 41.45, 38.4, 37.08, 46.33, 41.85, 40.6, 39.26, 42.88, 39.25, 32.77, 30.05, 27.95, 27.4, 33.0, 28.8, 26.33, 26.64, 24.22, 21.41, 21.58, 21.6, 21.48, 19.93, 19.77, 15.68, 15.16, 16.33, 14.7, 14.89, 13.55, 10.32, 10.09, 9.01, 5.88]"
"[36, 9, 1, 2, 10, 6, 11, 32, 5, 16, 14, 0, 13, 49, 3, 8, 18, 4, 7, 25, 31, 12, 15, 46, 21, 24, 17, 22, 19, 42, 50, 54, 44, 43, 45, 20, 23, 59, 57, 51, 53, 29, 28, 30, 27, 34, 52, 38, 37, 26, 39, 55, 33, 40, 41, 35, 47, 56, 58, 48]","[10, 63, 83, 78, 69, 67, 72, 70, 79, 53, 81, 69, 62, 76, 65, 78, 47, 52, 74, 59, 58, 60, 45, 1, 40, 45, 40, 40, 31, 57, 34, 39, 48, 33, 8, 28, 29, 0, 2, 21, 21, 13, 12, 24, 19, 11, 8, 15, 42, 14, 18, 23, 6, 25, 15, 38, 1, 12, 2, 2]","[61.95, 59.46, 68.7, 83.84, 81.76, 74.2, 72.16, 71.11, 69.19, 71.3, 67.36, 62.28, 56.05, 53.75, 49.84, 56.62, 72.44, 62.24, 61.62, 58.49, 54.45, 60.23, 48.84, 46.48, 41.84, 40.14, 38.76, 36.4, 29.95, 40.45, 35.15, 31.0, 38.86, 30.78, 28.09, 26.57, 25.28, 24.04, 19.21, 18.64, 20.7, 19.03, 14.98, 17.96, 15.25, 15.41, 14.59, 13.76, 16.66, 15.7, 14.11, 14.06, 13.49, 13.82, 9.96, 10.29, 9.18, 6.83, 6.58]"
"[37, 9, 1, 0, 2, 10, 6, 11, 32, 14, 5, 13, 3, 16, 4, 49, 12, 15, 18, 31, 25, 8, 7, 46, 21, 24, 22, 17, 19, 42, 50, 44, 43, 54, 45, 20, 57, 29, 23, 38, 36, 30, 27, 28, 51, 53, 34, 52, 55, 59, 39, 26, 40, 41, 33, 35, 56, 47, 58, 48]","[42, 63, 83, 69, 78, 69, 67, 72, 70, 81, 79, 62, 65, 53, 52, 76, 60, 45, 47, 58, 59, 78, 74, 1, 40, 45, 40, 40, 31, 57, 34, 48, 33, 39, 8, 28, 2, 13, 29, 15, 10, 24, 19, 12, 21, 21, 11, 8, 23, 0, 18, 14, 25, 15, 6, 38, 12, 1, 2, 2]","[61.29, 58.1, 79.61, 76.98, 84.57, 79.93, 74.37, 73.12, 72.46, 73.72, 66.43, 67.48, 65.22, 59.13, 57.39, 61.06, 60.66, 51.83, 56.45, 56.44, 53.42, 66.58, 59.44, 48.77, 42.47, 41.74, 39.4, 38.42, 34.75, 40.0, 38.13, 43.63, 43.95, 39.52, 31.84, 32.35, 28.33, 25.34, 23.58, 24.9, 20.47, 21.86, 20.28, 18.71, 18.52, 18.4, 17.98, 16.1, 16.32, 18.24, 15.57, 13.92, 15.13, 13.1, 10.24, 11.57, 9.94, 8.0, 5.65]"
"[38, 9, 1, 10, 6, 11, 16, 2, 32, 5, 14, 0, 13, 49, 3, 18, 8, 7, 4, 25, 31, 15, 12, 46, 21, 24, 17, 22, 19, 42, 50, 54, 44, 43, 45, 20, 57, 23, 59, 29, 51, 53, 28, 52, 30, 27, 26, 37, 36, 39, 55, 40, 41, 33, 34, 35, 47, 56, 58, 48]","[15, 63, 83, 69, 67, 72, 53, 78, 70, 79, 81, 69, 62, 76, 65, 47, 78, 74, 52, 59, 58, 45, 60, 1, 40, 45, 40, 40, 31, 57, 34, 39, 48, 33, 8, 28, 2, 29, 0, 13, 21, 21, 12, 8, 24, 19, 14, 42, 10, 18, 23, 25, 15, 6, 11, 38, 1, 12, 2, 2]","[60.07, 56.0, 81.86, 81.36, 76.23, 72.58, 69.04, 73.63, 70.85, 70.03, 69.01, 63.14, 55.06, 55.51, 53.09, 50.29, 70.07, 71.47, 63.05, 57.52, 53.94, 51.71, 47.8, 47.64, 41.37, 40.43, 39.1, 37.07, 29.99, 37.94, 34.16, 32.54, 39.61, 32.62, 28.58, 26.63, 24.65, 20.19, 19.85, 17.3, 17.84, 16.8, 15.98, 14.14, 18.18, 15.38, 14.5, 16.67, 14.87, 15.95, 13.52, 14.49, 13.41, 14.71, 10.25, 10.99, 9.34, 8.49, 4.21]"
"[39, 9, 1, 10, 6, 11, 16, 32, 0, 2, 5, 14, 13, 49, 3, 18, 8, 4, 21, 7, 25, 15, 31, 12, 46, 24, 17, 22, 19, 42, 50, 54, 44, 43, 57, 20, 45, 23, 53, 29, 28, 51, 59, 30, 27, 38, 52, 37, 36, 26, 55, 34, 40, 41, 33, 35, 56, 47, 58, 48]","[18, 63, 83, 69, 67, 72, 53, 70, 69, 78, 79, 81, 62, 76, 65, 47, 78, 52, 40, 74, 59, 45, 58, 60, 1, 45, 40, 40, 31, 57, 34, 39, 48, 33, 2, 28, 8, 29, 21, 13, 12, 21, 0, 24, 19, 15, 8, 42, 10, 14, 23, 11, 25, 15, 6, 38, 12, 1, 2, 2]","[61.49, 57.25, 81.19, 81.53, 74.99, 70.99, 68.72, 67.05, 62.31, 70.76, 71.93, 63.63, 54.89, 54.36, 53.28, 50.86, 71.46, 51.02, 62.49, 62.34, 53.8, 55.42, 52.71, 52.17, 39.96, 41.94, 39.55, 36.57, 30.84, 44.28, 34.14, 33.57, 38.43, 31.25, 28.96, 27.87, 25.67, 21.42, 21.82, 20.03, 17.55, 16.22, 16.07, 18.61, 15.98, 16.32, 15.06, 16.02, 16.04, 14.74, 13.37, 13.79, 14.65, 12.54, 10.79, 10.42, 10.95, 6.81, 4.65]"
"[40, 9, 1, 2, 10, 6, 11, 32, 5, 14, 0, 16, 13, 49, 3, 18, 8, 4, 7, 25, 15, 21, 31, 12, 46, 24, 22, 17, 19, 42, 50, 54, 44, 43, 45, 20, 57, 23, 53, 27, 29, 51, 28, 59, 30, 38, 39, 26, 37, 52, 55, 34, 41, 36, 33, 35, 47, 56, 58, 48]","[25, 63, 83, 78, 69, 67, 72, 70, 79, 81, 69, 53, 62, 76, 65, 47, 78, 52, 74, 59, 45, 40, 58, 60, 1, 45, 40, 40, 31, 57, 34, 39, 48, 33, 8, 28, 2, 29, 21, 19, 13, 21, 12, 0, 24, 15, 18, 14, 42, 8, 23, 11, 15, 10, 6, 38, 1, 12, 2, 2]","[61.88, 58.96, 76.51, 83.75, 81.92, 74.43, 72.14, 71.37, 70.65, 67.83, 67.4, 62.92, 56.76, 52.51, 52.05, 50.41, 72.33, 65.59, 63.42, 56.34, 59.86, 54.89, 50.57, 49.03, 40.45, 40.06, 38.91, 36.56, 32.62, 42.29, 32.78, 33.66, 40.09, 33.28, 30.06, 27.82, 27.34, 23.79, 24.69, 24.48, 21.31, 20.66, 18.79, 18.47, 17.02, 18.13, 16.81, 15.7, 17.54, 15.97, 16.11, 15.14, 15.96, 13.28, 11.39, 12.08, 10.23, 7.69, 5.28]"
"[41, 9, 1, 10, 6, 11, 16, 2, 32, 5, 14, 0, 13, 49, 18, 3, 4, 25, 31, 8, 7, 15, 12, 46, 21, 24, 17, 22, 19, 42, 50, 54, 44, 43, 45, 20, 23, 57, 59, 29, 51, 28, 53, 34, 52, 30, 27, 38, 37, 26, 39, 36, 55, 40, 33, 47, 35, 56, 48, 58]","[15, 63, 83, 69, 67, 72, 53, 78, 70, 79, 81, 69, 62, 76, 47, 65, 52, 59, 58, 78, 74, 45, 60, 1, 40, 45, 40, 40, 31, 57, 34, 39, 48, 33, 8, 28, 29, 2, 0, 13, 21, 12, 21, 11, 8, 24, 19, 15, 42, 14, 18, 10, 23, 25, 6, 1, 38, 12, 2, 2]","[61.87, 58.51, 80.51, 82.34, 75.83, 74.08, 68.51, 69.5, 70.52, 70.55, 69.12, 63.64, 57.23, 54.16, 55.34, 61.86, 58.56, 58.17, 58.33, 67.55, 56.87, 52.91, 51.92, 48.54, 42.09, 41.22, 37.95, 36.65, 31.2, 40.46, 35.59, 34.22, 37.11, 30.86, 29.05, 26.19, 25.95, 18.78, 18.17, 16.95, 17.8, 15.88, 16.03, 15.41, 15.62, 17.16, 14.7, 14.51, 16.02, 15.69, 16.1, 17.73, 13.89, 13.63, 9.85, 9.93, 10.04, 5.96, 7.32]"
"[42, 9, 10, 11, 0, 1, 6, 22, 3, 14, 32, 5, 2, 16, 13, 4, 12, 25, 49, 15, 31, 8, 7, 18, 46, 21, 50, 17, 24, 19, 44, 43, 54, 45, 20, 57, 23, 51, 59, 53, 29, 28, 34, 30, 27, 38, 52, 37, 55, 36, 39, 26, 40, 41, 33, 35, 47, 56, 58, 48]","[57, 63, 69, 72, 69, 83, 67, 40, 65, 81, 70, 79, 78, 53, 62, 52, 60, 59, 76, 45, 58, 78, 74, 47, 1, 40, 34, 40, 45, 31, 48, 33, 39, 8, 28, 2, 29, 21, 0, 21, 13, 12, 11, 24, 19, 15, 8, 42, 23, 10, 18, 14, 25, 15, 6, 38, 1, 12, 2, 2]","[61.57, 58.37, 66.24, 75.57, 71.11, 75.68, 78.28, 72.44, 72.97, 72.83, 71.59, 70.87, 67.33, 66.96, 64.21, 60.17, 58.45, 60.26, 60.25, 59.0, 53.78, 68.19, 45.48, 46.18, 43.71, 42.89, 41.56, 39.97, 37.39, 35.91, 41.63, 40.39, 35.58, 29.68, 28.2, 26.19, 21.4, 23.08, 19.26, 21.05, 18.84, 16.22, 15.32, 18.21, 15.51, 15.79, 14.58, 16.48, 15.47, 16.52, 15.71, 13.3, 15.05, 13.59, 10.13, 11.91, 10.59, 7.47, 5.39]"
"[43, 9, 1, 2, 11, 10, 6, 32, 5, 14, 0, 16, 13, 49, 3, 18, 4, 12, 8, 7, 31, 38, 25, 15, 46, 21, 17, 24, 22, 19, 42, 50, 54, 44, 57, 20, 45, 23, 29, 51, 59, 53, 28, 27, 30, 52, 26, 37, 39, 34, 36, 55, 33, 40, 41, 47, 56, 35, 58, 48]","[33, 63, 83, 78, 72, 69, 67, 70, 79, 81, 69, 53, 62, 76, 65, 47, 52, 60, 78, 74, 58, 15, 59, 45, 1, 40, 40, 45, 40, 31, 57, 34, 39, 48, 2, 28, 8, 29, 13, 21, 0, 21, 12, 19, 24, 8, 14, 42, 18, 11, 10, 23, 6, 25, 15, 1, 12, 38, 2, 2]","[61.91, 58.38, 83.52, 80.76, 79.58, 77.78, 72.68, 71.33, 72.16, 67.53, 63.4, 63.02, 56.57, 53.49, 52.45, 64.48, 59.35, 50.5, 62.0, 50.76, 64.81, 64.65, 56.38, 45.28, 45.86, 38.89, 38.06, 38.79, 36.75, 33.1, 45.67, 37.71, 34.85, 32.0, 28.31, 26.53, 24.27, 20.13, 19.65, 19.55, 17.58, 17.72, 15.56, 15.14, 14.98, 14.48, 14.44, 16.43, 15.8, 14.88, 15.28, 13.39, 13.33, 13.07, 9.96, 9.01, 9.25, 7.83, 6.16]"
"[44, 9, 10, 11, 32, 6, 0, 27, 14, 16, 1, 8, 7, 2, 3, 5, 49, 13, 25, 31, 18, 12, 4, 21, 22, 15, 36, 46, 42, 50, 54, 43, 17, 24, 19, 45, 20, 59, 23, 29, 57, 51, 53, 28, 30, 38, 37, 55, 39, 26, 52, 34, 33, 40, 41, 35, 47, 58, 56, 48]","[48, 63, 69, 72, 70, 67, 69, 19, 81, 53, 83, 78, 74, 78, 65, 79, 76, 62, 59, 58, 47, 60, 52, 40, 40, 45, 10, 1, 57, 34, 39, 33, 40, 45, 31, 8, 28, 0, 29, 13, 2, 21, 21, 12, 24, 15, 42, 23, 18, 14, 8, 11, 6, 25, 15, 38, 1, 2, 12, 2]","[62.38, 59.41, 73.6, 69.52, 69.54, 65.42, 84.28, 69.88, 69.41, 68.9, 61.97, 68.11, 64.0, 55.87, 57.59, 55.55, 55.35, 49.31, 52.55, 43.64, 42.14, 41.66, 40.11, 37.76, 58.08, 42.23, 51.47, 39.86, 41.89, 39.86, 40.97, 37.82, 38.49, 36.19, 32.97, 28.78, 26.96, 25.17, 23.37, 22.76, 17.35, 17.64, 17.9, 15.94, 15.53, 14.45, 16.98, 17.15, 15.76, 15.25, 14.11, 14.36, 12.64, 14.63, 9.98, 9.57, 9.08, 8.85, 5.14]"
"[45, 9, 1, 6, 10, 11, 16, 2, 32, 5, 14, 0, 13, 49, 3, 18, 8, 7, 4, 25, 31, 15, 21, 12, 46, 24, 17, 22, 19, 20, 23, 42, 50, 54, 44, 43, 57, 59, 51, 53, 29, 28, 30, 27, 38, 37, 52, 39, 55, 26, 36, 34, 40, 41, 33, 35, 56, 47, 58, 48]","[8, 63, 83, 67, 69, 72, 53, 78, 70, 79, 81, 69, 62, 76, 65, 47, 78, 74, 52, 59, 58, 45, 40, 60, 1, 45, 40, 40, 31, 28, 29, 57, 34, 39, 48, 33, 2, 0, 21, 21, 13, 12, 24, 19, 15, 42, 8, 18, 23, 14, 10, 11, 25, 15, 6, 38, 12, 1, 2, 2]","[61.37, 58.59, 80.64, 81.47, 75.15, 70.01, 68.02, 68.44, 68.5, 70.19, 68.06, 63.58, 57.82, 53.6, 70.15, 61.87, 70.02, 70.73, 62.53, 57.63, 54.05, 57.99, 52.09, 46.59, 41.74, 41.75, 38.98, 36.68, 28.05, 27.3, 26.49, 38.61, 32.3, 25.5, 38.2, 25.74, 22.08, 19.6, 19.52, 21.35, 18.31, 15.49, 17.13, 15.92, 15.22, 17.61, 16.91, 16.14, 15.98, 14.8, 13.9, 13.78, 14.47, 13.02, 10.6, 11.65, 10.69, 6.78, 5.42]"
"[46, 9, 1, 14, 6, 32, 11, 10, 8, 7, 38, 5, 2, 4, 0, 13, 3, 49, 25, 16, 31, 18, 21, 12, 15, 22, 17, 24, 19, 42, 50, 44, 43, 54, 45, 20, 57, 23, 59, 51, 29, 53, 28, 30, 27, 37, 55, 52, 39, 36, 26, 40, 41, 34, 33, 35, 56, 47, 58, 48]","[1, 63, 83, 81, 67, 70, 72, 69, 78, 74, 15, 79, 78, 52, 69, 62, 65, 76, 59, 53, 58, 47, 40, 60, 45, 40, 40, 45, 31, 57, 34, 48, 33, 39, 8, 28, 2, 29, 0, 21, 13, 21, 12, 24, 19, 42, 23, 8, 18, 10, 14, 25, 15, 11, 6, 38, 12, 1, 2, 2]","[59.92, 58.54, 67.47, 66.06, 77.33, 75.48, 72.86, 69.58, 73.65, 70.1, 73.44, 74.27, 69.28, 68.33, 66.7, 66.52, 62.38, 63.69, 60.34, 57.62, 55.29, 48.03, 44.06, 49.33, 40.92, 38.99, 38.4, 36.93, 30.71, 39.58, 34.47, 40.22, 40.0, 35.53, 27.58, 28.02, 24.67, 22.53, 19.15, 18.81, 18.58, 17.35, 15.7, 18.28, 15.52, 16.96, 17.23, 17.32, 16.29, 15.69, 14.28, 14.74, 13.48, 13.14, 9.83, 12.51, 9.89, 7.24, 6.17]"
"[47, 9, 1, 10, 6, 11, 16, 2, 5, 32, 14, 0, 13, 49, 3, 21, 4, 25, 31, 8, 7, 18, 12, 15, 24, 17, 22, 19, 46, 20, 42, 50, 54, 44, 43, 45, 23, 59, 57, 51, 53, 29, 28, 27, 30, 38, 37, 39, 52, 26, 55, 40, 41, 33, 36, 34, 35, 56, 58, 48]","[1, 63, 83, 69, 67, 72, 53, 78, 79, 70, 81, 69, 62, 76, 65, 40, 52, 59, 58, 78, 74, 47, 60, 45, 45, 40, 40, 31, 1, 28, 57, 34, 39, 48, 33, 8, 29, 0, 2, 21, 21, 13, 12, 19, 24, 15, 42, 18, 8, 14, 23, 25, 15, 6, 10, 11, 38, 12, 2, 2]","[63.72, 59.23, 81.48, 81.97, 75.2, 73.55, 69.65, 67.76, 74.35, 72.5, 68.71, 63.37, 56.8, 56.31, 73.72, 63.66, 57.77, 56.07, 58.0, 66.36, 49.45, 45.17, 53.65, 42.26, 40.96, 38.57, 37.19, 32.85, 27.97, 27.88, 38.27, 29.72, 29.88, 40.36, 33.21, 25.95, 26.0, 21.21, 18.65, 17.56, 19.98, 16.45, 14.24, 15.93, 15.75, 14.53, 17.08, 17.55, 15.67, 16.09, 14.7, 14.05, 13.39, 13.71, 11.35, 9.85, 9.4, 8.04, 5.92]"
"[48, 9, 1, 10, 6, 32, 11, 21, 16, 2, 5, 14, 0, 13, 3, 49, 4, 25, 8, 7, 31, 18, 12, 15, 24, 22, 17, 46, 19, 20, 42, 50, 54, 59, 44, 43, 45, 23, 57, 51, 53, 29, 28, 27, 30, 38, 37, 39, 26, 52, 55, 40, 41, 33, 36, 34, 58, 35, 56, 47]","[2, 63, 83, 69, 67, 70, 72, 40, 53, 78, 79, 81, 69, 62, 65, 76, 52, 59, 78, 74, 58, 47, 60, 45, 45, 40, 40, 1, 31, 28, 57, 34, 39, 0, 48, 33, 8, 29, 2, 21, 21, 13, 12, 19, 24, 15, 42, 18, 14, 8, 23, 25, 15, 6, 10, 11, 2, 38, 12, 1]","[62.6, 57.8, 82.28, 82.29, 75.34, 74.47, 86.15, 75.18, 70.01, 67.35, 69.81, 66.6, 65.05, 66.5, 62.7, 67.27, 60.04, 56.9, 64.38, 49.57, 48.15, 43.23, 50.26, 40.05, 39.12, 37.8, 37.36, 36.71, 26.54, 25.46, 39.36, 32.36, 29.07, 25.64, 38.19, 28.77, 27.26, 24.62, 19.25, 19.66, 20.27, 17.21, 16.26, 16.55, 15.27, 15.05, 16.83, 16.72, 16.92, 15.37, 15.05, 15.59, 14.38, 14.02, 9.37, 10.35, 9.94, 9.77, 6.13]"
"[49, 9, 10, 0, 32, 27, 6, 11, 1, 14, 16, 2, 5, 3, 13, 4, 8, 7, 25, 31, 12, 18, 15, 21, 24, 22, 19, 46, 17, 42, 50, 54, 44, 43, 45, 20, 23, 59, 57, 53, 29, 28, 51, 30, 37, 38, 36, 39, 52, 26, 55, 40, 41, 34, 33, 35, 47, 56, 58, 48]","[76, 63, 69, 69, 70, 19, 67, 72, 83, 81, 53, 78, 79, 65, 62, 52, 78, 74, 59, 58, 60, 47, 45, 40, 45, 40, 31, 1, 40, 57, 34, 39, 48, 33, 8, 28, 29, 0, 2, 21, 13, 12, 21, 24, 42, 15, 10, 18, 8, 14, 23, 25, 15, 11, 6, 38, 1, 12, 2, 2]","[71.58, 67.67, 73.98, 72.2, 85.84, 74.4, 69.57, 62.64, 79.01, 74.58, 63.03, 74.3, 73.25, 69.7, 66.7, 59.72, 63.65, 62.74, 54.99, 55.47, 43.31, 58.38, 37.78, 33.56, 34.13, 33.24, 54.02, 35.15, 32.01, 41.62, 32.16, 34.3, 38.12, 32.87, 31.08, 27.11, 26.6, 24.64, 22.65, 23.24, 18.66, 17.55, 16.06, 15.21, 23.21, 17.98, 16.41, 15.97, 15.72, 14.39, 13.39, 14.62, 13.1, 13.64, 9.81, 10.96, 9.62, 8.77, 4.66]"
"[50, 9, 1, 2, 11, 10, 6, 32, 5, 14, 0, 16, 3, 21, 13, 8, 4, 7, 49, 31, 25, 36, 15, 12, 18, 24, 17, 46, 22, 19, 42, 54, 44, 43, 45, 20, 59, 23, 57, 51, 29, 53, 28, 27, 30, 38, 37, 39, 26, 55, 52, 40, 41, 33, 34, 35, 47, 56, 58, 48]","[34, 63, 83, 78, 72, 69, 67, 70, 79, 81, 69, 53, 65, 40, 62, 78, 52, 74, 76, 58, 59, 10, 45, 60, 47, 45, 40, 1, 40, 31, 57, 39, 48, 33, 8, 28, 0, 29, 2, 21, 13, 21, 12, 19, 24, 15, 42, 18, 14, 23, 8, 25, 15, 6, 11, 38, 1, 12, 2, 2]","[61.67, 59.3, 79.14, 79.54, 78.1, 79.52, 73.35, 70.77, 70.73, 67.81, 65.97, 72.26, 72.95, 68.79, 60.79, 70.33, 62.97, 56.7, 49.42, 50.58, 44.92, 52.38, 50.56, 43.83, 39.57, 39.05, 41.06, 38.35, 35.44, 30.72, 33.7, 33.93, 38.56, 33.61, 29.09, 26.54, 25.73, 20.5, 20.56, 19.45, 17.51, 18.84, 14.92, 15.68, 15.54, 14.84, 16.94, 17.09, 17.2, 16.23, 15.05, 16.03, 13.83, 10.8, 9.92, 10.67, 9.85, 8.53, 4.82]"
"[51, 9, 10, 11, 6, 32, 0, 1, 2, 5, 16, 14, 13, 49, 18, 8, 3, 4, 7, 25, 15, 31, 12, 21, 46, 24, 22, 17, 19, 42, 50, 54, 44, 43, 45, 57, 20, 23, 29, 53, 28, 59, 30, 27, 38, 52, 37, 55, 36, 26, 39, 34, 33, 40, 41, 56, 35, 47, 58, 48]","[21, 63, 69, 72, 67, 70, 69, 83, 78, 79, 53, 81, 62, 76, 47, 78, 65, 52, 74, 59, 45, 58, 60, 40, 1, 45, 40, 40, 31, 57, 34, 39, 48, 33, 8, 2, 28, 29, 13, 21, 12, 0, 24, 19, 15, 8, 42, 23, 10, 14, 18, 11, 6, 25, 15, 12, 38, 1, 2, 2]","[62.3, 59.24, 73.6, 68.44, 66.5, 65.9, 63.13, 63.67, 70.95, 73.13, 71.63, 62.8, 58.58, 52.56, 48.4, 48.41, 69.97, 65.7, 63.95, 61.65, 51.09, 43.26, 38.26, 50.96, 37.55, 37.18, 36.42, 35.18, 31.06, 48.39, 33.08, 31.65, 38.92, 33.79, 28.13, 27.91, 26.62, 21.13, 19.52, 18.23, 18.85, 14.95, 18.28, 16.18, 15.33, 14.23, 16.07, 16.25, 15.28, 15.71, 15.18, 13.26, 13.05, 14.9, 10.22, 10.68, 10.35, 7.49, 4.94]"
"[52, 9, 1, 11, 10, 6, 16, 2, 14, 5, 32, 0, 13, 49, 3, 18, 8, 4, 7, 25, 12, 31, 15, 22, 46, 21, 24, 17, 19, 42, 50, 54, 44, 43, 57, 20, 23, 45, 51, 59, 53, 29, 28, 27, 30, 38, 34, 37, 55, 36, 26, 39, 40, 41, 33, 35, 56, 47, 58, 48]","[8, 63, 83, 72, 69, 67, 53, 78, 81, 79, 70, 69, 62, 76, 65, 47, 78, 52, 74, 59, 60, 58, 45, 40, 1, 40, 45, 40, 31, 57, 34, 39, 48, 33, 2, 28, 29, 8, 21, 0, 21, 13, 12, 19, 24, 15, 11, 42, 23, 10, 14, 18, 25, 15, 6, 38, 12, 1, 2, 2]","[61.49, 60.19, 79.18, 80.8, 77.08, 72.48, 68.95, 69.38, 71.56, 75.15, 67.93, 63.15, 58.83, 54.78, 53.3, 50.74, 71.77, 64.73, 60.78, 50.04, 53.23, 52.21, 61.84, 46.82, 43.82, 39.37, 38.23, 36.4, 30.1, 35.66, 33.48, 30.33, 39.69, 30.37, 28.29, 26.46, 25.17, 18.29, 16.8, 16.47, 18.47, 17.2, 14.59, 16.21, 15.84, 15.39, 14.97, 15.17, 15.64, 15.24, 14.62, 13.3, 12.61, 11.97, 10.8, 12.77, 11.09, 6.04, 6.66]"
"[53, 9, 10, 11, 30, 1, 6, 2, 5, 14, 3, 13, 0, 32, 8, 4, 7, 49, 25, 16, 12, 31, 15, 46, 18, 21, 24, 17, 22, 19, 42, 50, 54, 44, 43, 45, 20, 57, 23, 29, 27, 51, 28, 59, 52, 38, 37, 36, 39, 26, 55, 34, 40, 41, 33, 58, 35, 47, 56, 48]","[21, 63, 69, 72, 24, 83, 67, 78, 79, 81, 65, 62, 69, 70, 78, 52, 74, 76, 59, 53, 60, 58, 45, 1, 47, 40, 45, 40, 40, 31, 57, 34, 39, 48, 33, 8, 28, 2, 29, 13, 19, 21, 12, 0, 8, 15, 42, 10, 18, 14, 23, 11, 25, 15, 6, 2, 38, 1, 12, 2]","[60.35, 58.05, 79.85, 77.0, 66.2, 67.3, 69.24, 68.3, 74.6, 72.89, 68.46, 67.3, 65.73, 61.9, 69.87, 63.3, 58.92, 57.98, 52.86, 55.87, 56.77, 55.46, 52.38, 52.53, 46.96, 41.08, 39.47, 38.93, 36.21, 33.27, 41.97, 35.11, 36.09, 42.97, 35.84, 28.85, 28.8, 25.08, 24.89, 20.58, 20.1, 19.92, 16.49, 15.93, 14.98, 14.44, 16.59, 15.76, 15.9, 14.7, 14.78, 13.72, 14.67, 13.24, 9.84, 11.15, 13.56, 9.44, 4.45]"
"[54, 9, 1, 11, 10, 6, 2, 16, 32, 0, 5, 14, 3, 13, 49, 4, 12, 15, 18, 25, 31, 7, 8, 37, 46, 21, 24, 22, 17, 42, 50, 19, 44, 43, 45, 29, 20, 57, 23, 30, 38, 27, 28, 53, 52, 55, 51, 36, 39, 26, 59, 33, 34, 40, 41, 47, 35, 56, 58, 48]","[39, 63, 83, 72, 69, 67, 78, 53, 70, 69, 79, 81, 65, 62, 76, 52, 60, 45, 47, 59, 58, 74, 78, 42, 1, 40, 45, 40, 40, 57, 34, 31, 48, 33, 8, 13, 28, 2, 29, 24, 15, 19, 12, 21, 8, 23, 21, 10, 18, 14, 0, 6, 11, 25, 15, 1, 38, 12, 2, 2]","[62.09, 59.23, 84.66, 78.66, 74.64, 69.86, 69.14, 69.86, 69.58, 62.21, 65.92, 65.42, 61.89, 52.63, 57.44, 55.73, 60.07, 51.32, 55.13, 52.5, 48.41, 68.83, 71.8, 54.51, 49.43, 41.18, 40.84, 39.53, 39.38, 43.76, 38.58, 39.45, 43.38, 37.92, 32.26, 29.94, 27.11, 25.46, 24.25, 24.96, 23.37, 21.71, 22.25, 20.03, 18.19, 17.78, 16.2, 15.72, 15.97, 16.59, 13.86, 14.27, 13.33, 14.16, 9.89, 9.22, 8.89, 6.86, 4.9]"
"[55, 9, 1, 2, 11, 10, 6, 16, 32, 5, 14, 0, 13, 49, 3, 18, 8, 4, 7, 25, 31, 17, 29, 15, 12, 46, 21, 24, 22, 19, 42, 50, 54, 44, 43, 45, 20, 23, 59, 57, 53, 27, 51, 28, 30, 38, 37, 39, 52, 26, 36, 40, 41, 33, 34, 35, 47, 58, 56, 48]","[23, 63, 83, 78, 72, 69, 67, 53, 70, 79, 81, 69, 62, 76, 65, 47, 78, 52, 74, 59, 58, 40, 13, 45, 60, 1, 40, 45, 40, 31, 57, 34, 39, 48, 33, 8, 28, 29, 0, 2, 21, 19, 21, 12, 24, 15, 42, 18, 8, 14, 10, 25, 15, 6, 11, 38, 1, 2, 12, 2]","[63.53, 57.73, 67.65, 82.36, 80.25, 79.0, 72.87, 67.94, 69.51, 70.67, 67.98, 63.82, 57.33, 55.62, 50.01, 63.37, 71.94, 66.59, 64.45, 54.08, 53.05, 60.15, 52.14, 50.19, 46.38, 42.81, 38.58, 39.01, 35.52, 29.69, 35.26, 31.4, 31.77, 39.92, 33.56, 29.15, 26.55, 23.22, 20.78, 19.62, 18.72, 18.5, 19.29, 16.87, 16.43, 15.68, 18.24, 17.42, 15.6, 15.88, 14.68, 15.54, 13.71, 12.29, 10.46, 10.1, 9.81, 9.44, 5.03]"
"[56, 9, 1, 2, 0, 14, 6, 3, 5, 10, 11, 32, 16, 13, 49, 18, 4, 31, 8, 25, 7, 12, 15, 46, 21, 24, 17, 22, 19, 42, 50, 54, 44, 43, 45, 57, 20, 23, 59, 51, 53, 29, 28, 52, 27, 30, 38, 37, 36, 26, 39, 55, 34, 40, 41, 33, 35, 47, 58, 48]","[12, 63, 83, 78, 69, 81, 67, 65, 79, 69, 72, 70, 53, 62, 76, 47, 52, 58, 78, 59, 74, 60, 45, 1, 40, 45, 40, 40, 31, 57, 34, 39, 48, 33, 8, 2, 28, 29, 0, 21, 21, 13, 12, 8, 19, 24, 15, 42, 10, 14, 18, 23, 11, 25, 15, 6, 38, 1, 2, 2]","[62.69, 58.45, 68.96, 72.4, 66.37, 75.53, 69.01, 70.84, 84.05, 77.04, 75.95, 65.71, 64.05, 61.51, 51.05, 65.97, 61.84, 60.03, 63.44, 64.07, 55.36, 59.01, 47.45, 56.48, 38.66, 39.49, 39.09, 36.82, 28.76, 41.67, 34.61, 31.07, 39.84, 31.3, 28.03, 27.7, 24.81, 20.62, 19.41, 19.51, 20.16, 18.49, 14.6, 14.59, 16.07, 14.55, 14.13, 16.37, 15.19, 17.03, 14.99, 14.41, 14.72, 14.55, 14.03, 11.57, 12.4, 9.36, 6.9]"
"[57, 9, 10, 11, 6, 0, 24, 30, 14, 16, 1, 32, 8, 7, 2, 5, 4, 13, 3, 49, 25, 31, 18, 12, 15, 46, 21, 17, 22, 19, 42, 20, 50, 44, 43, 45, 23, 54, 53, 29, 27, 28, 51, 59, 38, 37, 36, 52, 26, 39, 40, 41, 33, 55, 34, 47, 35, 56, 58, 48]","[2, 63, 69, 72, 67, 69, 45, 24, 81, 53, 83, 70, 78, 74, 78, 79, 52, 62, 65, 76, 59, 58, 47, 60, 45, 1, 40, 40, 40, 31, 57, 28, 34, 48, 33, 8, 29, 39, 21, 13, 19, 12, 21, 0, 15, 42, 10, 8, 14, 18, 25, 15, 6, 23, 11, 1, 38, 12, 2, 2]","[61.69, 57.13, 75.85, 69.42, 68.72, 69.87, 65.76, 68.11, 68.7, 67.93, 68.67, 60.83, 67.02, 60.35, 74.27, 69.68, 65.2, 64.18, 59.87, 61.8, 53.89, 50.68, 49.82, 51.58, 45.06, 44.38, 38.45, 38.63, 36.28, 29.22, 27.25, 30.95, 27.01, 37.28, 29.68, 26.4, 23.17, 23.33, 22.83, 20.54, 19.83, 18.66, 17.72, 15.71, 14.62, 17.01, 16.19, 15.31, 14.91, 13.8, 13.99, 14.06, 11.89, 11.66, 8.79, 9.15, 9.75, 7.52, 4.23]"
"[58, 9, 1, 6, 10, 11, 16, 2, 5, 32, 14, 0, 13, 3, 49, 8, 7, 4, 25, 31, 12, 15, 18, 46, 21, 24, 19, 22, 17, 42, 50, 44, 43, 54, 45, 20, 23, 57, 51, 53, 29, 28, 52, 59, 34, 30, 27, 38, 37, 36, 26, 39, 33, 55, 40, 41, 35, 47, 56, 48]","[2, 63, 83, 67, 69, 72, 53, 78, 79, 70, 81, 69, 62, 65, 76, 78, 74, 52, 59, 58, 60, 45, 47, 1, 40, 45, 31, 40, 40, 57, 34, 48, 33, 39, 8, 28, 29, 2, 21, 21, 13, 12, 8, 0, 11, 24, 19, 15, 42, 10, 14, 18, 6, 23, 25, 15, 38, 1, 12, 2]","[61.45, 58.99, 81.52, 81.53, 76.93, 72.44, 69.33, 66.95, 72.49, 72.0, 68.77, 63.45, 57.42, 64.57, 64.72, 71.44, 71.7, 65.75, 61.98, 55.29, 57.35, 49.31, 48.45, 45.78, 40.89, 39.68, 37.1, 35.32, 29.44, 38.03, 31.04, 39.63, 34.55, 33.52, 28.8, 26.63, 23.86, 19.04, 17.95, 20.08, 18.96, 15.98, 16.87, 15.47, 16.19, 16.61, 14.73, 14.71, 16.68, 14.86, 15.41, 13.18, 12.88, 12.79, 13.13, 11.67, 10.97, 9.57, 5.15]"
"[59, 9, 6, 37, 10, 11, 30, 8, 16, 1, 14, 32, 7, 2, 5, 4, 0, 3, 13, 49, 25, 31, 12, 15, 18, 46, 21, 17, 24, 22, 19, 42, 44, 43, 54, 53, 45, 57, 20, 38, 23, 27, 29, 28, 51, 50, 52, 26, 39, 55, 36, 34, 40, 41, 33, 35, 47, 56, 58, 48]","[0, 63, 67, 42, 69, 72, 24, 78, 53, 83, 81, 70, 74, 78, 79, 52, 69, 65, 62, 76, 59, 58, 60, 45, 47, 1, 40, 40, 45, 40, 31, 57, 48, 33, 39, 21, 8, 2, 28, 15, 29, 19, 13, 12, 21, 34, 8, 14, 18, 23, 10, 11, 25, 15, 6, 38, 1, 12, 2, 2]","[62.11, 59.11, 76.72, 79.19, 73.11, 71.47, 66.14, 68.48, 66.06, 73.61, 66.69, 66.79, 60.92, 72.02, 65.07, 65.4, 66.21, 64.6, 62.95, 62.74, 55.77, 51.86, 56.69, 47.11, 45.95, 42.75, 38.87, 37.94, 38.78, 37.79, 29.69, 34.53, 44.1, 39.23, 35.56, 35.88, 30.78, 29.62, 27.96, 25.95, 24.19, 22.22, 21.08, 19.42, 19.14, 18.97, 15.53, 15.69, 15.49, 14.47, 13.88, 13.96, 15.44, 12.4, 9.68, 10.42, 9.43, 7.95, 5.73]"
